ID,Contents,Lien Post,Nb Like,Nb Love,Nb Care,Nb Wow,Nb Sad,Nb Angry,Nb Haha,Company,Date,Culture & Celebration,Sport,Product,Promotion,Network,Survey,Event,Contest & Games,Other
1,"ุฌุงุฒู ุชุชูููู ููู ุณูุฉ ุณุนูุฏุฉ๐ฅฐ
#DJEZZY #HAPPY_NEW_YEAR_2024",https://www.facebook.com/djezzy/posts/788227516669599?ref=embed_post,272,45,0,1,1,76,14,Djezzy,2024-01-01,1,0,0,0,0,0,0,0,0
2,"ุฑุงู en panne ู ุฎุตู ุฑุตูุฏ ุ
ูุน ุฎุฏูุฉ Tranquilo ุชุงุน Djezzy ููุด ุณุงูู๐
#ุฌุงุฒู #Astuces_ุณุงููุฉ",https://www.facebook.com/watch/?v=1068829281022985&ref=sharing,255,28,0,1,0,12,31,Djezzy,2024-01-04,0,0,0,0,0,0,0,0,1
3,It's Time To be a legend (Football),https://www.facebook.com/djezzy/posts/392564993435969:392564993435969?ref=embed_post,257,51,2,0,0,2,8,Djezzy,2024-01-10,0,1,0,0,0,0,0,0,0
4,"Djezzy vous souhaite Yennayer amervuh
 ! ุฌุงุฒู ุชูุฏู ููู ุฃุญุฑู ุงูุชูุงูู ุจููุงุณุจุฉ ุงูุณูุฉ ุงูุฃูุงุฒูุบูุฉ ุงูุฌุฏูุฏุฉ
#DJEZZY #Yennayer_2974",https://www.facebook.com/share/p/19UDNBoQ1k/,621,231,10,3,0,1,300,Djezzy,2024-01-11,1,0,0,0,0,0,1,0,0
5,ูุฑูุจุงู ...,https://www.facebook.com/share/v/12B9LZySBRe/,288,49,4,0,0,3,24,Djezzy,2024-01-12,0,0,0,0,0,0,0,0,1
6,"ู ููุงููุงุช ุบูุฑ ูุญุฏูุฏุฉ ูุญู ุฌููุน ุดุจูุงุช ุงูููุงู ู ุงูุซุงุจุช.
ุจู 2500ุฏุฌ ููุท !
#ูุชุง_ูู_ุงูุฃุณุทูุฑุฉ",https://www.facebook.com/share/v/15R9u8sYHg/,564,157,24,0,0,7,73,Djezzy,2024-01-13,0,0,1,0,1,0,0,0,0
7,"ูุน ุฌุงุฒู LEGEND
ุฅุณุชูุฏ ูู ููุงููุงุช ูุฌุงููุฉ ูุญู ูู ุดุจูุงุช ุงูููุงู ู ุงูุซุงุจุช !
ูุญุฌู ุงูุชุฑูุช ูุตู ุฅูู ุบุงูุฉ 100 ุฌูุบุง !
ุฅูุชุดููุง ูุฒุงูุง ุงูุนุฑุถ ุงูุฌุฏูุฏ DJEZZY LEGEND ุนูู ๐ https://ms.spr.ly/6188iUry6
#ูุชุง_ูู_ุงูุฃุณุทูุฑุฉ",https://www.facebook.com/djezzy/posts/797321975760153?ref=embed_post,438,31,5,0,0,26,52,Djezzy,2024-01-14,0,0,1,0,1,0,0,0,0
8,"ุชูุชุน ุจุงูููุงููุงุช ุงููุฌุงููุฉ ูุญู ุฌููุน ุดุจูุงุช ุงูุฌูุงู๐ฑ ูุงูุซุงุจุช  โ๏ธ ูุงุณุชูุฏ ูู 70ุฌูุบุง ุจ2000 ุฏุฌ ููุท !
ุงุณุชูุดู ูู ุงููููุฒุงุช ุนูู ๐https://ms.spr.ly/6187iUx8v 
#ูุชุง_ูู_ุงูุฃุณุทูุฑุฉ",https://www.facebook.com/djezzy/posts/797937005698650?ref=embed_post,428,23,4,1,1,5,52,Djezzy,2024-01-15,0,0,1,0,1,0,0,0,0
9,"ูุน DJEZZY LEGEND ุงูุช ูู ุงูู LEGEND 
ุจู 2000ุฏุฌ !
ุชุญุตููุง ุนูู 70Go ุงูุชุฑูุชุ ููุงููุงุช ุบูุฑ ูุญุฏูุฏุฉ ูุญู ุฌููุน ุดุจูุงุช ุงูุซุงุจุช ู ุงูููุงู ! 
ุฅูุชุดููุง ูุฒุงูุง DJEZZY LEGEND ุนูู ๐ https://ms.spr.ly/6183isCkU 
#ูุชุง_ูู_ุงูุฃุณุทูุฑุฉ",https://www.facebook.com/share/v/12BG5K7FV8K/,323,37,5,0,1,2,9,Djezzy,2024-01-20,0,0,1,0,0,0,1,0,0
10,GOAL Algeria VS Burkina Faso Football ,https://www.facebook.com/watch/?v=1346282365905418&ref=sharing,170,26,1,1,0,4,2,Djezzy,2024-01-20,0,1,0,0,0,0,0,0,0
11,"ูุน  PACK 3AYLA ูุชุฑุงุทู ุญุชู Match โฝ  
ุงุณุชูุงุฏ ูู Modem 4G ู 150GO ุงูุชุฑูุช ููุฏุฉ 6 ุฃุดูุฑ ุจ9990ุฏุฌ ๐คฉ
ูุน PACK 3AYLA SUPPORTY 
 ูุฑููู ูุน ุนุงููุชู๐ช
ููุฒูุฏ ูู ุงููุนูููุงุช ุฒูุฑูุง ูููุนูุง ๐๐ป
 https://bit.ly/Djezzy-Pack3ayla
#Djezzy #Match #3ayla",https://www.facebook.com/watch/?v=1387729078503230&ref=sharing,130,8,1,1,1,2,31,Djezzy,2024-01-23,0,0,1,0,1,0,0,0,0
12,"ูุน ZUNI SPORT  ุนูู DJEZZY APP ๐ฒ ุชุงุจุน ููุงุนูุฏ ู ูุชุงุฆุฌ ุงููุจุงุฑูุงุช ูุญุธุฉ ุจูุญุธุฉ โฝ ๐ 
ุญููู ุงูุชุทุจูู ุงูุขู ๐ https://ms.spr.ly/6181gi6y3
#Djezzy_App #ZUNI_SPORT #Max_Foot",https://www.facebook.com/share/p/13tcBA3rkg/,189,16,3,0,0,3,11,Djezzy,2024-01-27,0,0,0,1,0,0,1,0,0
13,"ุงูููู ูู ุงูููู ุงูุนุงููู ูุญูุงูุฉ ุงูุจูุงูุงุช. ุชุฐููุฑ ุฃุณุงุณู ุจุฃูููุฉ ุงูุญูุงุธ ุนูู ุฎุตูุตูุชู ุนูู ุงูุฅูุชุฑูุช. 
ุญูุงูุฉ ุงูุจูุงูุงุช ุชูู ูู ูุงุญุฏ ููุง ๐ป๐ 
Aujourd'hui, c'est la Journรฉe Mondiale de la Protection des Donnรฉes. Un rappel essentiel de l'importance de prรฉserver votre vie privรฉe en ligne. La protection des donnรฉes concerne chacun d'entre 
nous๐ป๐ 
#ProtectionDesDonnรฉes #ViePrivรฉeEnLigne #Djezzy",https://www.facebook.com/share/p/15aRgkr5JS/,161,13,2,1,0,1,11,Djezzy,2024-01-28,1,0,0,0,0,0,1,0,0
14,"ุงุฎุชุจุฑ ูุนูููุงุชู ูู ูุฑุฉ ุงููุฏู โฝ๏ธ 
 ูุญุงูู ุชููุฒ ุจูุณููุฉ ุดุฑุงุก ุจูููุฉ 100 ููููู ุณูุชูู ุฃุณุจูุนูุง ๐ค 
ูุง ุนููู ุบูุฑ ุชุญููู DJEZZY APP ๐ฒ ุนูู ุงูุฑุงุจุท  ๐ https://ms.spr.ly/6181gi6y3
#DJEZZY_APP #DJEZZY_WIN",https://www.facebook.com/share/p/1AzBbfwqh1/,229,22,5,0,0,2,9,Djezzy,2024-01-30,0,0,1,1,0,0,0,0,0
15,"ุฃุฎุจุงุฑ ูุญููุฉ ุ ุซูุงููุฉ ุ ุฑูุงุถูุฉ โฝ
ูุน  DJEZZY SCOOP ๐ฃ ููููุชู ุญุชู ุฎุจุฑ ! 
 ููุงุดุชุฑุงู ุฅุชุตู ุนูู 404 ุฃู ุฃุฑุณู SMS ุงูู ููุณ ุงูุฑูู
#Djezzy_Scoop #Max_News",https://www.facebook.com/share/p/13yNkR5JW2/,150,7,0,0,0,1,11,Djezzy,2024-01-31,0,0,0,0,1,1,0,0,0
16,"ุดููู ูููู ูุนุฑู Le code ุจุงุด ููุชููู Double Appel ุ
#ุฌุงุฒู #Astuces_ุณุงููุฉ",https://www.facebook.com/watch/?v=1497445130819223&ref=sharing,325,33,4,0,0,5,6,Djezzy,2024-02-01,0,0,0,0,0,0,0,1,1
17,"ูููุงุด ุชุชูุงุฏู ุชููู ุงูุฎุท ุฏูุงูู ๐ค ุ
ุชุงุจุน ุงูุญู ูู ุงูููุฏูู ๐ 
#ุฌุงุฒู #Astuces_ุณุงููุฉ",https://www.facebook.com/watch/?v=408877615031858&rdid=nscweaDh1ie6K7G0,161,18,2,0,0,3,10,Djezzy,2024-02-15,0,0,0,0,0,0,0,0,1
18,"ูู ุฑุงููู , ูุงุฐ ุงููุฑุฉ ุนูุงุด ุฌููุง ๐",https://www.facebook.com/share/v/1CVK8AkWr6/,202,24,2,1,0,5,18,Djezzy,2024-02-18,0,0,0,0,0,0,1,0,0
19,"ุงูุถููุง ุฅูููุง  ๐ถโ ูู ูุจุงุฏุฑุฉ ุงูุจุณูุฉ WALK for ุ ููุฑุณู ุงูุจุณูุฉ ูุน ุจุนุถ ูู ูู ุฎุทูุฉ.
ุญูููุง  DJEZZY APP ๐ฑ ู ุญูููุง ุฎุทูุงุชูู ุฅูู ุชุจุฑุนุงุช ูููุฉ ุฑูุถุงู  ๐ 
ุฑุงุจุท ุงูุชุญููู ๐ https://ms.spr.ly/6181gi6y3
#ุฌุงุฒู #ููุฉ_ุฑูุถุงู #ุงูุจุณูุฉWalk4",https://www.facebook.com/share/p/14kGTVBiaXU/,177,19,3,0,0,13,3,Djezzy,2024-02-19,0,0,0,0,0,0,1,1,0
20,"ุจุงุด ููุฑุญู ุงููุงุณ ูู ูุฐุง ุฑูุถุงู ๐ ู ูุฑุณููุง ุงูุจุณูุฉ ุนูู ูุฌูู ุงูุตุงูููู ๐ 
ููุง ููุดูุง ูุน ุจุนุถ ู ูุชุจุฑุนูุง ุจุฎุทูุงุชูุง ุนูู DJEZZY APP ๐ฃ ๐ฒ 
ุฑุงุจุท ุงูุชุญููู  ๐ https://ms.spr.ly/6181gi6y3",https://www.facebook.com/share/v/19nVrLQmjV/,173,17,5,0,0,0,2,Djezzy,2024-02-20,0,0,0,0,0,0,0,0,1
21,"ุดุงุฑู ูู ุชุญุฏู ุงููุดู ๐ถโโ๏ธ ูุน ุตุญุงุจู ู ุณุฌู ุฎุทูุงุชู ูู ููุฏูู ู ุฃูุดุฑูุง ุนูู ุตูุญุชู ุ ุทุงฺจู DJEEZY ูุน ูุงุดุชุงุบ
 #ุฌุงุฒู #ููุฉ_ุฑูุถุงู #ุงูุจุณูุฉWalk4
ุฃุญุณู ููุฏูู  ุฑุงุญ ูุจุฑุทุงุฌูููุง ุนุจุฑ ุตูุญุชูุง ๐ช 
ุฑุงุจุท ุงูุชุทุจูู๐ https://ms.spr.ly/6181gi6y3",https://www.facebook.com/share/p/1ESi1iAD8L/,299,34,3,2,1,6,52,Djezzy,2024-02-21,0,0,0,0,1,0,1,0,0
22,"ุฎุทูุฉ ุณุงููุฉ ุจููุงุณุจุฉ ุดูุฑ ุฑูุถุงู ุงููุฑูู ๐ 
#ุฌุงุฒู #Astuces_ุณุงููุฉ #ููุฉ_ุฑูุถุงู #ุงูุจุณูุฉWalk4",https://www.facebook.com/share/v/19dwGJKfjm/,181,23,3,0,0,4,1,Djezzy,2024-02-22,1,0,0,0,0,0,1,0,0
23,"ุทุงฺจู ุตุงุญุจู  ููุดู ุจุงูุฒุฑุจุฉ ๐ถโโ๏ธ ๐โโ๏ธ
#ุฌุงุฒู  #ููุฉ_ุฑูุถุงู #ุงูุจุณูุฉWalk4",https://www.facebook.com/share/p/14KAHkwsXF/,201,23,3,0,2,4,58,Djezzy,2024-02-23,0,0,0,0,0,0,1,0,0
24,"ูู ูุงุญุฏ ููุชุจููุง ูู ุงูุชุนูููุงุช ุดุญุงู ูู ุฎุทูุฉ ูุดุงูุง ุนูู Djezzy App ๐ฃ ๐ถโโ๏ธ ๐ฑ 
ูุฏุฑู ุดููู ุฑุงุญ ูููู ๐ Le champion  ุ
 #ุฌุงุฒู #ููุฉ_ุฑูุถุงู #ุงูุจุณูุฉWalk4",https://www.facebook.com/share/p/18BbsUNDKa/,204,18,3,0,0,3,26,Djezzy,2024-02-24,0,0,0,0,0,0,1,1,0
25,"ุงูุจุณูุฉ WALK FOR ๐ถโโ๏ธ ูุงุฒุงููุง ูุชูุงุตูุฉ ๐ฃ
 ุทุงฺจู ุตุงุญุจู ูู ูุงุฒุงู ูุงุดุงุฑูุด ูุนุงูุง 
#ุฌุงุฒู #ููุฉ_ุฑูุถุงู #ุงูุจุณูุฉWalk4",https://www.facebook.com/share/v/17cPeTM5qo/,111,20,0,0,0,5,9,Djezzy,2024-02-26,1,0,0,0,0,0,0,0,0
26,"ูุดุงุฑููุง ูุนุงูู  TOP 10 ุชุน ุงูุจุณูุฉ Walk for
ุฅูุถููุง ุฅูููุงุ ูุงุฒููุง ูุชูุงุตููู ูู ุฃุฌู ุฑุณู ุงูุจุณูุฉ ูุน ุจุนุถ.
#ุฌุงุฒู #ููุฉ_ุฑูุถุงู #ุงูุจุณูุฉWalk4",https://www.facebook.com/share/p/1BYQb7q2cL/,185,17,1,0,0,4,10,Djezzy,2024-02-27,0,0,0,0,0,0,1,1,0
27,"๐ถโ ูุจุงุฏุฑุฉ ุงูุจุณูุฉ  WALK for ูุงุฒุงููุง ูุชูุงุตูุฉ  ุ ุฎุทูุงุชูุง ุฑุงุญ ุชูุฑูุญ ุจุฒุงู ูุงุณ 
ุญูููุง  DJEZZY APP ๐ฑ ู ุญูููุง ุฎุทูุงุชูู ุฅูู ุชุจุฑุนุงุช ูููุฉ ุฑูุถุงู  ๐ 
ุฑุงุจุท ุงูุชุญููู ๐ https://ms.spr.ly/6181gi6y3
#ุฌุงุฒู #ููุฉ_ุฑูุถุงู #ุงูุจุณูุฉWalk4",https://www.facebook.com/share/p/18KCQQmfLL/,228,30,2,0,1,3,6,Djezzy,2024-02-29,0,0,0,0,0,0,1,1,0
28,"ู ููุฃุณุจูุน ุงูุซุงูู โ๏ธ ุงูุจุณูุฉ WALK FOR ูุงุฒุงููุง ูุชูุงุตูุฉ ุจูุฌุงุญ ุจูุถู ุฎุทูุงุชูู ๐ฃ
#ุฌุงุฒู #ููุฉ_ุฑูุถุงู #ุงูุจุณูุฉwalk4",https://www.facebook.com/share/v/12AywsCXXA3/,128,20,0,0,0,2,4,Djezzy,2024-03-04,0,0,0,0,0,0,1,0,0
29,"ูุดุงุฑููุง ูุนุงูู   ๐ถโโ๏ธ ๐ฃ The best walkers  ููุฃุณุจูุน ุงูุซุงูู โ๏ธ 
ุฅูุถููุง ุฅูููุง ูู ุฃุฌู ุฑุณู ุงูุจุณูุฉ ูุน ุจุนุถ ูู ูุฐุง ุฑูุถุงู 
#ุฌุงุฒู #ููุฉ_ุฑูุถุงู #ุงูุจุณูุฉWalk4",https://www.facebook.com/share/p/1Azzo8rf7E/,167,19,0,0,0,1,2,Djezzy,2024-03-06,0,0,0,0,0,0,0,0,1
30,"ูุฎุชุชู ูุจุงุฏุฑุฉ ุงูุจุณูุฉ WALK FOR ุจุฃูุซุฑ ูู 821 ููููู ุฎุทูุฉ ๐ช ๐ฃ
ุดูุฑุงู ุนูู ูุดุงุฑูุชูู ู ุฏุนููู ุงููููู ๐ ูุน ุจุนุถ ุตูุนูุง ุงูุจุณูุฉ ๐
#ุฌุงุฒู #ููุฉ_ุฑูุถุงู #ุงูุจุณูุฉWalk4",https://www.facebook.com/watch/?v=3419181848374064&rdid=OpVtNNOSdxW0g2eO,110,23,1,0,0,1,1,Djezzy,2024-03-10,1,0,0,0,0,0,1,0,0
31,"ุจุงุด ุชููู ูุดููุฑ ูุงุฒููู ุจุฒูุงู ุงูุชุฑูุช ๐คฉ
ู ุจุงุด ุชููู ุฃุณุทูุฑุฉ ูุงุฒููู DJEZZY LEGEND ๐
ุงูุชุดููุง ุชูุงุตูู ุงูุนุฑุถ ุนูู ๐ https://bit.ly/3uW7xsl",https://www.facebook.com/share/v/15kQvgwaYH/,89,15,2,0,0,1,13,Djezzy,2024-03-11,0,0,1,0,1,0,0,0,0
32,"ุญููู DJEZZY APP ู ุดุงุฑู ูู ูุณุงุจูุฉ ุนูุฑุฉ RANATI ูุดุฎุตูู ๐
ุฑุงุจุท ุงูุชุทุจูู๐ https://ms.spr.ly/6181gi6y3",https://www.facebook.com/share/v/18BXF4DAnq/,131,37,0,0,0,0,1,Djezzy,2024-03-11,0,0,0,0,0,0,0,1,0
33,"ูุฐุง ุฑูุถุงู ุงููุฑุญุฉ ุฏูุจู ๐X2 ุนูู DJEZZY APP ๐ฑ  
ุฑุงุจุท ุงูุชุทุจูู๐ https://ms.spr.ly/6181gi6y3",https://www.facebook.com/share/v/1FyzpbnWBQ/,106,30,1,1,0,2,0,Djezzy,2024-03-12,0,0,0,0,1,0,0,0,0
34,"ูุน DJEZZY APP ุฏูุจูู ูุฑุญุชู ๐คฉ ู ุงูุงูุชุฑูุช ุฏูุงูู โ๏ธ 
ุฑุงุจุท ุงูุชุทุจูู๐ https://ms.spr.ly/6181gi6y3",https://www.facebook.com/share/v/17z9TWBMWj/,132,20,2,0,0,2,2,Djezzy,2024-03-13,0,0,1,0,0,0,0,0,0
35,"ุจุงุด ุฏูุฑ ูุญุชูู ุฃุณุทูุฑู ูุงุฒููู ุนุฑุถ ุฃุณุทูุฑู ๐ 
ุงูุชุดููุง ุงูุชูุงุตูู   ๐ https://ms.spr.ly/6187cis3P
ูุน DJEZZY LEGEND ุงูุช ูู ุงูุฃุณุทูุฑุฉ  ๐",https://www.facebook.com/share/p/1NTLjuLH4q/,179,22,0,1,0,3,31,Djezzy,2024-03-14,1,0,0,0,0,0,1,0,0
36,"ูุงูู ููุตููุง  SMS ๐ฒ ุจูู ุฑุจุญูุง ูู ูุณุงุจูุงุช ู ุญูุง ูุงุดุงุฑููุงุด ูููุง !
ูููุงุด ูุชูุงุฏููุง  ุ
#ุฌุงุฒู #Astuces_ุณุงููุฉ #ุฑูุถุงู2024",https://www.facebook.com/share/v/1Ax3tK3yQf/,71,13,1,0,0,2,0,Djezzy,2024-03-14,0,0,0,0,0,0,1,1,0
37,"ุงูุชุฑูุช โ 2  ููุฏุฉ ุฃุณุจูุน !
ุญููู Djezzy App ู ุงุณุชูุชุน ุจ10 ุฌูุบุง ููู ุนุฑุถ ุชุงุน 300 ุฏุฌ 
ุฑุงุจุท ุงูุชุทุจูู๐ https://ms.spr.ly/6181gi6y3
#ุฌุงุฒู #ุฏูุจู_ุฃูุชุฑูุช #ุฑูุถุงู2024_ุฌุงุฒู_APP",https://www.facebook.com/share/v/1QvSNe3qr6/,86,16,2,0,0,8,3,Djezzy,2024-03-17,0,0,0,0,0,0,0,0,1
38,"ููููุชู Doubleโ 2 ู ุฃูุฑุญ Doubleโ 2 ูุน ุงูุชุฑูุช  Double โ 2
ุญููู ุงูุชุทุจูู๐ https://ms.spr.ly/6181gi6y3
#ุฌุงุฒู #ุฏูุจู_ุฃูุชุฑูุช #ุฑูุถุงู2024_ุฌุงุฒู_APP",https://www.facebook.com/share/p/19cMcLv6sd/,139,18,0,0,0,4,2,Djezzy,2024-03-17,0,0,0,0,1,0,1,0,0
39,"ูุน ุนุฑุถ ุฌุงุฒู LEGEND MAX ุงูุฌุฏูุฏุ ุงุณุชูุฏ ูู ููุงููุงุช ุบูุฑ ูุญุฏูุฏุฉ ูุญู ุฌููุน ุงูุดุจูุงุช ุงููุทููุฉ ูุญุฏู ุฃูุตู ูู ุงูุงูุชุฑูุช !
ูููุฒูุฏ ูู ุงูุชูุงุตูู : https://ms.spr.ly/6186cUdNk
#ุฌุงุฒู #ูุชุงููููุงูุฃุณุทูุฑุฉ",https://www.facebook.com/share/p/1Gxhnote12/,163,31,1,0,0,2,1,Djezzy,2024-03-22,0,0,0,0,0,0,0,0,1
40,"ูุน DJEZZY APP ุฃุจูู ุฏุงููุงู Connectรฉ ุจDouble 
  ุงุณุชูุชุน ุจ10 ุฌูุบุง ููุฏุฉ ุฃุณุจูุน  ุจ300 ุฏุฌ ููุท ! 
ุฑุงุจุท ุงูุชุทุจูู๐ https://ms.spr.ly/6181gi6y3
#ุฌุงุฒู #ุฏูุจู_ุฃูุชุฑูุช #ุฑูุถุงู2024_ุฌุงุฒู_APP",https://www.facebook.com/share/v/19THVFCcWA/,64,18,0,0,0,2,2,Djezzy,2024-03-23,0,0,1,0,1,0,0,0,0
41,"
ุนูุฏู LEGEND MAXุ
BIEN SรR QUE ุงูุช ุงุณุทูุฑุฉ ๐",https://www.facebook.com/share/v/1EZyVsxH3S/,91,20,0,1,0,0,6,Djezzy,2024-03-25,0,0,0,0,0,0,0,0,1
42,"ุจุงูุดุฑุงูุฉ ูุน ุงููุดุงูุฉ ุงูุฅุณูุงููุฉ ุงูุฌุฒุงุฆุฑูุฉุ ุฌุงุฒู ุชุดุงุฑููู ุงูุฃุฌูุงุก ุงูุชุถุงูููุฉ ูู ูุทุนู ููุฌ ุงูุงู ูุงูุด ุจุจูุฏูุฉ ุงูุดุฑุงูุฉ.
ุชุชููุฒ ูุฐู ุงููุจุงุฏุฑุฉ ุจูุณุงููุฉ ุงููุดุงููู ูู ูุฎุชูู ุงูุฃุนูุงุฑ  ูู ุงุฏุฎุงู ุงููุฑุญุฉ ูุฑุณู ุงูุจุณูุฉ ุนูู ูุฌูู ุงููุงุตุฏูู ู ุงูุนุงุจุฑูู ูู ูู ููุงู.
ูู ูุฐุง ุฑูุถุงู ูุฑุณูู ุงูุจุณูุฉ  ูุน ุจุนุถ ๐ค 
ููุฌ ูฑูุงู ูุงูุด ุงููุดุงูุฉ ุงูุฅุณูุงููุฉ ุงูุฌุฒุงุฆุฑูุฉ 
 #ุฌุงุฒู #ูุงุฆุฏุฉ_ุงูุจุณูุฉ #ุงููุดุงูุฉ_ุงูุฅุณูุงููุฉ_ุงูุฌุฒุงุฆุฑูุฉ",https://www.facebook.com/share/v/1Dcy3GKWLV/,65,28,3,0,0,0,0,Djezzy,2024-03-27,0,0,0,0,0,0,0,0,1
43,"ุชุงุจุนูุง ุงูุงุญุฏุงุซ ุงููุชููุนุฉ ูู ุญููุฉ ุงูููู ูู ุดุจู ุญุตุฉ 2 ูู ูุฐุง ุฑูุถุงู ๐ 
ุดุงูุฏูุง  ุงูุญููุฉ ูุงููุฉ ุนูู ๐  https://youtu.be/iarIxuw3n40
#ุฌุงุฒู #ุดุจู_ุญุตุฉ2 #ุฑูุถุงู2024",https://www.facebook.com/share/v/196vTS7ztN/,49,17,2,0,0,0,1,Djezzy,2024-03-27,0,0,0,0,0,0,0,0,1
44,"ูุน  LEGEND MAX ุงุณุชูุฏ ูู ููุงููุงุช ุบูุฑ ูุญุฏูุฏุฉ ูุญู ุฌููุน ุงูุดุจูุงุช ุงููุทููุฉ ู ุงูMax  ุชุงุน ุงูุงูุชุฑูุช ๐ 
ูููุฒูุฏ ูู ุงูุชูุงุตูู : https://ms.spr.ly/6186cUdNk
#ุฌุงุฒู #ูุชุง_ูู_ุงูุฃุณุทูุฑุฉ",https://www.facebook.com/share/p/15N1wg8V2N/,133,20,4,2,0,5,4,Djezzy,2024-03-27,0,0,0,0,0,0,0,0,1
45,"ูุชููุชุด ุงูุนุฑุถ ูู ูุฐุง ุฑูุถุงู ๐ 
ุญููู ุ ุงูุชููู ุ ู ุฏูุจูู โ๏ธ 
ูุฐุง ูุงูู ุนูู ๐ https://ms.spr.ly/6181gi6y3
#ุฌุงุฒู #ุฏูุจู_ุฃูุชุฑูุช #ุฑูุถุงู2024_ุฌุงุฒู_APP",https://www.facebook.com/share/v/19HbnWWpMa/,37,15,1,0,0,4,0,Djezzy,2024-03-28,0,0,0,0,0,0,0,0,1
46,"ุชุงุจุนูุง ุญููุฉ ุงูููู ูู ุดุจู ุญุตุฉ ูุน ูุฑุงุฏ ู ุฃุฑูุงู ๐ฌ
ููุดุงูุฏุฉ ุงูุญููุฉ ูุงููุฉ ๐ https://youtu.be/SqxB8u6ui-4",https://www.facebook.com/share/v/1AewF1ZDSN/,35,16,1,0,0,0,0,Djezzy,2024-03-28,0,0,0,0,0,0,1,0,0
47,"ุฃูู ุดูุฑ Super Fans ุชุงุนูุง ุุดูุฑุง ุนูู ูุญุจุชูู ู ููุงุฆูู ูููุง ู ุชูุงุนููู ุงูุฏุงุฆู ูุนุงูุง ๐ฅฐ๐๐ป๐
ุตุญ ุณุญูุฑูู ๐",https://www.facebook.com/share/v/15Z5g8V2Cs/,76,33,5,0,0,1,0,Djezzy,2024-03-29,0,0,0,0,0,0,0,0,1
48,"ุชุญุจ ุฏูุฑ ุจุฒุงู LES STORIES ุ les REELS ุ Les PHOTOS ุบูุฑ DJEZZY LEGEND ูู ุชุฎุฑุฌ ุนููู , 100 GO ุฅูุชุฑูุช ู ุงูุช ูููู ๐ 
ูููุฒูุฏ ูู ุงูุชูุงุตูู : https://ms.spr.ly/6186cUdNk
#ุฌุงุฒู #ูุชุง_ูู_ุงูุฃุณุทูุฑุฉ",https://www.facebook.com/share/v/19aWCgdZW3/,133,20,2,0,0,2,7,Djezzy,2024-03-30,0,0,0,0,1,0,1,0,0
49,"ูุชููุง ุนุดุงู ุงูุฃูุนุงุจ ุงูุฅููุชุฑูููุฉ ๐ฎ๐น๏ธ ุชุญุจู ุชูุถูู ููุช ุดุจุงุจ ูุนูุงุ๐ฏ 
ุฎููุช ูููู  #MobiliStore  ุนูุดูุง ูุชุนุฉ ุงูุฃูุนุงุจ ูููุง  ๐๐๐
#ููุจูููุณ #ูุนุง_ูุตูุน_ุงููุณุชูุจู",https://www.facebook.com/share/p/18K8JuwacB/,399,38,8,0,0,1,2,Mobilis,2024-01-04,0,0,1,0,0,0,1,0,0
50,"ูุฑุนุฉ ุงูุฏูุฑูู ุงูู32 ูุงูู16 ููุฃุณ ุงูุฌุฒุงุฆุฑ ุงูุทุจุนุฉ 59 ๐โฝ๐ฉ๐ฟ
ุชุชุงุจุนูููุง ููู ุงูุฃุญุฏ 7 ุฌุงููู 2024 ุนูู ุงูุณุงุนุฉ 17:30โณ
#ููุจูููุณ #ุงูุฑุงุนู_ูุงูุดุฑูู_ุงูุฑุณูู_ููุฃุณ_ุงูุฌุฒุงุฆุฑ
#ูุนุง_ูุตูุน_ุงููุณุชูุจู",https://www.facebook.com/share/p/15Y99MUo3z/,612,61,7,0,0,1,0,Mobilis,2024-01-06,0,0,0,0,0,0,1,0,0
51,"#ููุจูููุณ ููุฏู ููู ุฃูุถู ุนุฑุถ ูู ุชุงุฑูุฎ ๐ ุงูุงุชุตุงูุงุช๐ ุจุงูุฌุฒุงุฆุฑ 
ุงุณุชูุชุนูุง ุจุงูุชุดุงู ุงูุนุฑุถ ๐
#MobilisTwenty
#mobilis20
#ูุนุง_ูุตูุน_ุงููุณุชูุจู",https://www.facebook.com/share/p/19agW9qpsy/,919,105,8,1,2,14,46,Mobilis,2024-01-08,0,0,0,0,0,0,0,0,1
52,"#DoYouKnow?๐ก๐ก
 ูุนุฑูุฉ ูุฐู ุงูุฑููุฒ ุชุณููู ุงุณุชุฎุฏุงู ุดุจูุฉ #ููุจูููุณ๐๐
#ูุนุง_ูุตูุน_ุงููุณุชูุจู",https://www.facebook.com/share/p/1E24GUMXeK/,998,103,17,0,1,4,2,Mobilis,2024-01-08,0,0,0,0,1,0,0,0,0
53,"ุงูููุณููู ุนุงูู ุขุฎุฑ๐ต๐ง๐ค ุชุชููู ูู ุจูุงุฏ ุฅูู ุจูุงุฏ ุจุงุด ุชูุชุดููุง...
ุชุณุงูุฑ ุจููโ๏ธ ูุงูุช ูู ููุงูู ุจุฃุณุนุงุฑ ูุงููุฉ ๐๐
ุนูุดูุง ุงูููุณููู ูุน #MobSound 
#ููุจูููุณ #ูุนุง_ูุตูุน_ุงููุณุชูุจู
#MobSound",https://www.facebook.com/share/p/1HqqUvAo1b/,1470,155,25,1,2,9,49,Mobilis,2024-01-10,1,0,0,0,0,0,1,0,0
54,"ููุจูููุณ ุญุงุถุฑ ูู ููุช ุฏูููุงุฑ!๐คฉ
ููุงุตุฑู ุงูุฎุถุฑ๐ฉ๐ฟ ููุจูููุณ ูุฑุงูููู ุจุนุฑูุถ ุงูุชุฌูุงู ุงูุญุตุฑูุฉ ุฅูู ูุฃุณ ุฅูุฑูููุง  ๐
ูุงุณุชุฎุฏุงู ุงูุฅูุชุฑูุช ู ุงูุงุณุชูุชุงุน ุจุฃุฌูุงุก ุงููุงู #CAN2023
๐ุดูููุง #600* ุฃู ุงุชุตููุง ุจูุง ุนูู 888
ุงููุฒูุฏ ูู ุงููุนูููุงุช ุนูู : https://www.mobilis.dz/Pass_Cote_Ivoire.php
 #ูุนุง_ูุตูุน_ุงููุณุชูุจู #TogheterWeMakeTheFuture",https://www.facebook.com/share/p/14WqBnkPiC/,1236,181,16,1,1,4,68,Mobilis,2024-01-14,0,0,0,0,1,0,1,0,0
55,"ููุจูููุณ ุญุงุถุฑ ูู ููุช ุฏูููุงุฑ!๐คฉ
ููุงุตุฑู ุงูุฎุถุฑ๐ฉ๐ฟ ููุจูููุณ ูุฑุงูููู ุจุนุฑูุถ ุงูุชุฌูุงู ุงูุญุตุฑูุฉ ุฅูู ูุฃุณ ุฅูุฑูููุง  ๐
ูุงุณุชุฎุฏุงู ุงูุฅูุชุฑูุช ู ุงูุงุณุชูุชุงุน ุจุฃุฌูุงุก ุงููุงู #CAN2023
๐ุดูููุง #600* ุฃู ุงุชุตููุง ุจูุง ุนูู 888
ุงููุฒูุฏ ูู ุงููุนูููุงุช ุนูู : https://www.mobilis.dz/Pass_Cote_Ivoire.php
 #ูุนุง_ูุตูุน_ุงููุณุชูุจู #TogheterWeMakeTheFuture",https://www.facebook.com/share/p/15czsiscTG/,1117,157,18,1,0,3,11,Mobilis,2024-01-17,0,0,1,0,0,0,1,0,0
56,"#ููุจูููุณ ูุณุชูุฑุฉ ุจุฒุฑุน ุงูุฃูู ูู ุงูููุงุทู ุงููุญุฑููุฉ๐ณ๐ฒ
โูู ุฅุทุงุฑ ุงูุฅุชูุงููุฉ ุงููุจุฑูุฉ ุจูู #ููุจูููุณ ูุงููุฏูุฑูุฉ ุงูุนุงูุฉ ููุบุงุจุงุชุ ุชุชูุงุตู ุนูููุฉ ุชูุฒูุน ุงูุฃุดุฌุงุฑ ุงููุซูุฑุฉ ุงูููุงููุฉ ููุฌูุงู ุนูู ุงูููุงุญูู ูุณุงููุฉ ุงูุฑูู ูู ุงูููุงุทู ุงููุชุถุฑุฑุฉ ูู ุญุฑุงุฆู ุงูุบุงุจุงุช ุงูุฃุฎูุฑุฉ.
โุงูุนูููุฉ ุชูุฏู ุฅูู ุฅุนุงุฏุฉ ุชุฃููู ุงูุบุงุจุงุช ูุชุนุฒูุฒ ุงููุดุงุท ุงูุฒุฑุงุนู ูุงูุงูุชุตุงุฏู ูุฏุนู ุงูููุงุญูู ูุชุดูู ุนุฏุฉ ููุงูุงุช ูู ุงููุทู.
โุชู ุชูุฒูุน ุดุชูุงุช ูู ุนุฏุฉ ุฃุตูุงู : ุงูุฒูุชููุ ุงููุดูุงุดุ ุงูุจุฑูููุ ุงูููุฒ, ุงูุฑูุงู ูุงูุญูุถูุงุช..
โ#ููุจูููุณ ุชุคูุฏ ุจุฐูู ุนูู ุฏูุฑูุง ุงูุฅุฌุชูุงุนู ูุงูุจูุฆูุ ูุชุนุจุฑ ุนู ุชุถุงูููุง ูุน ุงูุณูุงู ุงููุชุถุฑุฑูู ูู ุงูุญุฑุงุฆูุ ูุชุณุงูู ูู ุญูุงูุฉ ุงูุบุงุจุงุช ูุงูุชููุน ุงูุจููููุฌู ูู ุงูุฌุฒุงุฆุฑ.
#ูุนุง_ูุตูุน_ุงููุณุชูุจู
๐ณ๐ฒ๐ณ๐ฒ๐ณ๐ฒ๐ณ๐ฒ๐ณ๐ฒ๐ณ๐ฒ๐ณ๐ฒ๐ณ๐ฒ๐ณ๐ฒ",https://www.facebook.com/share/p/1BD4jNpCoc/,2165,324,30,0,0,3,1,Mobilis,2024-01-17,0,0,0,0,1,0,1,0,0
57,"#ููุจูููุณ ููุงุตู ุฒุฑุน ุงูุฃูู ูู ุงูููุงุทู ุงููุญุฑููุฉ๐ณ๐ฒ
โูู ุฅุทุงุฑ ุงูุงุชูุงููุฉ ุงููุจุฑูุฉ ุจูู #ููุจูููุณ ูุงููุฏูุฑูุฉ ุงูุนุงูุฉ ููุบุงุจุงุช ู ูุตุฏ  ุชูููู ุจุฑูุงูุฌ ุชูุฒูุน ุงูุดุฌูุฑุงุช ุงููุซูุฑุฉ ุนุจุฑ 20 ููุงูุฉ.. ุงุณุชูุงุฏุช ููุงูุฉ #ุณูููุฏุฉ ูู ุชูููู ูุณุงูู 10.000.000 ุฏุฌ ูุงูุชูุงุก 34643 ูู ุงูุดุฌูุฑุงุช ุงููุซูุฑุฉ ููุงุฆุฏุฉ 234 ูุณุชููุฏ ุจูุฏู ุชุฃููู ู ุฅุนุงุฏุฉ ุงูุงุนุชุจุงุฑ ููููุงุทู ุงูุบุงุจูุฉ ุงููุญุฑููุฉ.
โุชู ุชูุฒูุน 17315 ุดุฌูุฑุฉ ูุซูุฑุฉ ุนูู 82 ูุณุชููุฏ ููุฒุนูู ุนูู 05 ุจูุฏูุงุช: ""ุนุฒุงุจุฉุ ุฌูุฏู ูุญูุฏ ุณุนุฏูุ ุนูู ุดุฑุดุงุฑุ ุงูุณุจุช ู ุจู ุนุฒูุฒ"".
โุงููุณุชููุฏูู ูู ุงูุจุฑูุงูุฌ ุนุจุฑูุง ุนู ุฎุงูุต ุชุซููููู ู ุดูุฑูู ููุฌููุฏ ุงููุจุฐููุฉ ูู ุงุทุงุฑ ุฏุนููู ู ุชุนููุถูู ุฌุฑุงุก ุชุถุฑุฑ ุฃุดุฌุงุฑูู ุงููุซูุฑุฉ ูู ุญุฑุงุฆู ุงูุตูู ุงูููุตุฑู.
#ูุนุง_ูุตูุน_ุงููุณุชูุจู",https://www.facebook.com/share/p/19fvXx7FWj/,1224,197,15,0,0,1,0,Mobilis,2024-01-18,0,0,0,0,0,0,0,0,1
58,"ูุน ููุจูููุณ ุฏูุฑ ุงูููุฉ ุชุฑุจุญ ููุงุชุฑูุญุด ูุฏูู ูุงุฑุบูู๐๐คฉ๐คฉ๐
ูุจุฑูู ููุฃุณูุงุก ุงููุฐููุฑุฉ ุงูููุฒ ุจุฃููุตุฉ ููููุชุฎุจ ุงููุทูู ููุฏุงุฉ ูู ุทุฑู #ููุจูููุณ๐คฉ
โุจูุฐุง #ููุจูููุณ ุฑูุน ูู ุนุฏุฏ ุงููุงุฆุฒูู ู ูุฑุต ุงูุฑุจุญ ูุชููู ูู ูุตูุจ 40ุดุฎุตุง 
โูุงุชูุณุงูุด ูุฒุงุงุงู ูุงูู ุงููุณุงุจูุฉ ุงููุจุฑู ุชุฑุจุญู ูููุง ุฌูุงุฆุฒ ูููุฉ
#ูุนุง_ูุตูุน_ุงููุณุชูุจู",https://www.facebook.com/share/p/15ejBauXN9/,3574,58,29,2,6,64,34,Mobilis,2024-01-20,0,0,0,1,0,0,1,0,0
59,"โ ุฎุฏูุฉ ุงูุชุนุจุฆุฉ ู ุชุณุฏูุฏ ุงููุงุชูุฑุฉ ุนุจุฑ ุงูุตุฑุงู ุงูุขูู ู@ุจุฑูุฏ_ุงูุฌุฒุงุฆุฑ โฌ๏ธโฌ๏ธ
๐ ูููุฒูุฏ ูู ุงููุนูููุงุช :
https://www.mobilis.dz/ar/particulier_ar/service.php?page=33",https://www.facebook.com/share/p/1B57CNAFUX/,911,92,10,0,0,5,1,Mobilis,2024-01-22,0,0,0,0,1,0,0,0,0
60,"ูููุนููุง ูุง ุดุจุงุจ!๐ช
ุฃุดุจุงู #ุจููุงุถู ุฃูุงู 90 ุฏูููุฉ ูุถูุงู ูุฑูุฉ ุงูุชุฃูู ุถุฏ #ููุฑูุชุงููุง.. 
ูุงูู ุชููุนุงุชูู ุฎูุงู ุงููุจุงุฑุงุฉ ุ ๐ฉ๐ฟโณ๏ธ๐",https://www.facebook.com/share/p/1DEHzK4vST/,2015,505,38,0,3,7,24,Mobilis,2024-01-23,0,0,0,0,0,0,0,0,1
61,"#ููุจูููุณ ููุฏู ููู ุฃูุถู ุนุฑุถ ูู ุชุงุฑูุฎ ๐ ุงูุงุชุตุงูุงุช๐ 
ุจุงูุฌุฒุงุฆุฑ ุงุณุชูุชุนูุง ุจุงูุชุดุงู ุงูุนุฑุถ๐
#MobilisTwenty
#mobilis20
#ูุนุง_ูุตูุน_ุงููุณุชูุจู",https://www.facebook.com/share/p/1AoqY4bJ7z/,904,98,9,0,1,34,148,Mobilis,2024-01-24,0,0,0,0,0,0,0,0,1
62,"ุชูุงุตููุง ูุน ุฃูุงุฑุจูู ูู ุงูุจูุงุน ุงูููุฏุณุฉ ุนู ุทุฑูู ุนุฑุถ #ุงูุนูุฑุฉ ๐๐ฒ
๐ฅฐุจุชุดููู ุงูุฑูุฒ #600* ุฃู ุนูู ูุณุชูู ุงูููุงูุงุช ุงูุชุฌุงุฑูุฉ #ููุจูููุณ๐คฉ
ูุชูุงุตูู ุฃูุซุฑ ูุฏุนููู ูุฒูุงุฑุฉ ุงูุฑุงุจุท ุงูุฎุงุต ุจุนุฑุถ ุงูุนูุฑุฉ:  ๐๐https://mobilis.dz/roaming_hadj_2023.php
#ูุนุงู_ูุตูุน_ุงููุณุชูุจู",https://www.facebook.com/share/p/14LLA13MqU/,582,61,6,0,0,23,2,Mobilis,2024-01-28,0,0,0,0,0,0,0,0,1
63,"ุงูููุณููู ุนุงูู ุขุฎุฑ๐ถ๐ต ุชุชููู ูู ุจูุงุฏ ุฅูู ุจูุงุฏ ุจุงุด ุชูุชุดููุง
...mobsound ุชุณุงูุฑ ุจููโ๏ธ ูุงูุช ูู ููุงูู ุจุฃุณุนุงุฑ ูุงููุฉ ๐ง
#ููุจูููุณ #ูุนุง_ูุตูุน_ุงููุณุชูุจู
#mobsound",https://www.facebook.com/share/p/181j5pi9qc/,295,17,4,0,0,36,29,Mobilis,2024-01-29,1,0,0,0,0,0,1,0,0
64,"โูุงู ุงูุณูุฏ #ุดููู_ุจูุฎุฒุงูู ุงูุฑุฆูุณ ุงููุฏูุฑ ุงูุนุงู ุตุจูุญุฉ ุงูููู ุจุฒูุงุฑุฉ ุนูู ุฅูู ููุงูุฉ #ุชูุงุฑุช ุญูุซ ุงุณุชูุจู ูู ุทุฑู ูุงูู ุงูููุงูุฉ ุงูุณูุฏ #ุนูู_ุจูฺคุฑุฉ.
โุงุณุชูุบู ุงูููุงุก ูุน ุงูุณูุฏ ุงููุงูู ููุฅุณุชูุงุน ุฅูู ุงูุฅูุดุบุงูุงุช ูุฅุนุทุงุก ูุธุฑุฉ ุดุงููุฉ ุนูู ุงููุดุงุฑูุน ุงููุจุฑูุฌุฉ ุนูู ูุณุชูู ุงูููุงูุฉ.
โุงูุฒูุงุฑุฉ ุชูุฏู ุฅูู ุงููููู ูุงููุชุงุจุนุฉ ุงููุณุชูุฑุฉ ูุนูู ุงููุฑู ุงูุชุฌุงุฑูุฉ ูุงูุชูููุฉ ูู ุงูููุฏุงู ุนูู ูุณุชูู ุงูููุงูุฉ ููุง ูุงูุช ูุฑุตุฉ ูุชุซููู ุงููุฌููุฏุงุช ุงููุจุฐููุฉ ูู ุทุฑููู",https://www.facebook.com/share/p/15fT9ae5ba/,703,55,9,0,2,85,11,Mobilis,2024-01-29,0,0,0,0,1,0,1,0,0
65,"ูุฒุงู ูุงุดุฑูุชูุด ุนุฑุถ #ุชูุงูุชู ูู ุฑุงูู ุฏุงูุฑ ุญุงูุฉ ูู ุณูู ุงูุฅุชุตุงูุงุชุ๐๐คฉ..ูุงุด ุฑุงูู ุชุณุชูุงู!๐ค
 โุจู 2000ุฏุฌ..ุนูุฏู 80 Go ูููุงููุงุช ูุงุชุฎูุงุตุด ูุญู ูู ุงูุดุจูุงุช ๐ .. ุชูุงูุชู ุฃูุฏุฑ ูููููุชู ๐ฒ๐ป",https://www.facebook.com/share/p/19mtAxXCZz/,932,96,6,3,1,59,21,Mobilis,2024-01-29,0,0,1,0,1,0,0,0,0
66,"ูุชููุง ุนุดุงู ุงูุฃูุนุงุจ ุงูุฅููุชุฑูููุฉ๐ฎ๐น๏ธ๐ฏ..ุชุญุจู ุชูุถูู ููุช ุดุจุงุจ ูุนูุงุ๐คฉ.. mobiliStore ุฎููุช ูููู๐..ุนูุดูุง ูุชุนุฉ ุงูุฃูุนุงุจ ูููุง๐ฏ
#ููุจูููุณ #ูุนุง_ูุตูุน_ุงููุณุชูุจู
#mobiliStore",https://www.facebook.com/share/p/15cZ8Td5Lj/,489,45,2,1,0,48,19,Mobilis,2024-01-31,0,0,0,0,0,0,0,0,1
67,"ูู 2024 ุบูููููุฑ #ุชูุงูุชู ูู ุชุฎุฑุฌ ุนููู๐๐ ุนุฑุถ ูุจุงุงุงุงู ูู ุงูุณูู ูุณุชูู ูููู ๐คฉ
  โุจู 2000ุฏุฌ..80 Go ูููุงููุงุช ูุงุชุฎูุงุตุด ูุญู ูู ุงูุดุจูุงุช ๐ .. ุชูุงูุชู ุฃูุฏุฑ ูููููุชู ๐ฒ๐ป",https://www.facebook.com/share/p/1YYXbs6YJP/,674,51,10,0,0,63,21,Mobilis,2024-02-01,0,0,0,0,0,0,0,0,1
68,"ุชูุงุตููุง ูุน ุฃูุงุฑุจูู ูู ุงูุจูุงุน ุงูููุฏุณุฉ ุนู ุทุฑูู ุนุฑุถ #ุงูุนูุฑุฉ ๐๐ฒ
๐ฅฐุจุชุดููู ุงูุฑูุฒ #600* ุฃู ุนูู ูุณุชูู ุงูููุงูุงุช ุงูุชุฌุงุฑูุฉ #ููุจูููุณ๐คฉ
ูุชูุงุตูู ุฃูุซุฑ ูุฏุนููู ูุฒูุงุฑุฉ ุงูุฑุงุจุท ุงูุฎุงุต ุจุนุฑุถ ุงูุนูุฑุฉ:  ๐๐https://mobilis.dz/roaming_hadj_2023.php
#ูุนุงู_ูุตูุน_ุงููุณุชูุจู",https://www.facebook.com/share/p/1DeRSaFtKA/,427,46,5,0,0,102,2,Mobilis,2024-02-03,0,0,0,0,0,0,0,0,1
69,"Are you looking for a plan that fits both your needs and your budget? With SkyBusiness plans, you get unlimited free calls, great international bonuses and generous internet data.
Visit our website to learn more about SkyBusiness plans: https://mobilis.dz/entreprises/SkyBusiness.php
#Mobilis #SkyBusiness #TogetherWeMakeTheFuture",https://www.facebook.com/share/p/1B33oG5eF4/,309,26,4,1,0,585,6,Mobilis,2024-02-08,0,0,1,0,1,0,0,0,0
70,"โ๏ธ #ููุจูููุณ ูุดุงุฑู ูู ุงูุทุจุนุฉ 9 ููุตุงููู ุงูุฏููู ููุตูุฏ ุงูุจุญุฑู ูุชุฑุจูุฉ ุงููุงุฆูุงุช ุจูุฑูุฒ ุงููุคุชูุฑุงุช ูุญูุฏ ุจู ุฃุญูุฏุ ููุงูุฉ ููุฑุงู.
โ๏ธ ุงูุตุงููู ูุนุฑู ูุดุงุฑูุฉ 174 ูููู 157 ูุดุงุฑู ูุญููุ ุญูุซ ููุฏูุฑ ุนุฏุฏ ุงูุฌูุณูุงุช ุงููุดุงุฑูุฉ ูู ูุฐุง ุงูุตุงููู 16 ุฌูุณูุฉ ูู ุจูุฏุงู ุนุฑุจูุฉุ ุฅูุฑูููุฉุ ูุฃูุฑูุจูุฉ ููุฐุง ูู ุฃูุฑููุง ุงููุงุชูููุฉ.
#ููุจูููุณ_ูุนุง_ูุตูุน_ุงููุณุชูุจู",https://www.facebook.com/share/p/19kRpXrL1X/,493,31,4,0,2,1102,8,Mobilis,2024-02-08,0,0,0,0,1,0,1,0,0
71,"Are you looking for a plan that fits both your needs and your budget? With SkyBusiness plans, you get unlimited free calls, great international bonuses and generous internet data. #SkyBusiness1500
Learn more about our #SkyBusiness plans: https://mobilis.dz/entreprises/SkyBusiness.php
#Mobilis  #TogetherWeMakeTheFuture",https://www.facebook.com/share/p/18TtH8TZuj/,579,35,8,2,12,2229,19,Mobilis,2024-02-09,0,0,1,1,0,0,0,0,0
72,"ููุจูููุณ ูุญูู ุงูููู ุงูุนุงููู ููุฅุฐุงุนุฉ.
ูู ุฃูุชู ูู ูุณุชูุนูู ุงูุฅุฐุงุนุฉ ๐ป ุ
#ุงูููู_ุงูุนุงููู_ููุฅุฐุงุนุฉ  #WorldRadioDay",https://www.facebook.com/share/p/17yCHPY842/,306,22,6,1,1,582,12,Mobilis,2024-02-13,1,0,0,0,0,0,0,0,0
73,"#DO_YOU_KNOW! ๐ก๐ก
ููุฅุทูุงุน ุนูู ุงูุนููููููููููููููุฑูุถ๐ฑ๐
 #ููุจูููุณ_ูุนุง_ูุตูุน_ุงููุณุชูุจู",https://www.facebook.com/share/p/17etqRVwWo/,331,19,3,0,0,601,8,Mobilis,2024-02-13,0,0,1,1,0,0,0,0,0
74,"#ููุจูููุณ ููุฏู ููู ุฃูุถู ุนุฑุถ ูู ุชุงุฑูุฎ ๐ ุงูุงุชุตุงูุงุช๐ 
ุจุงูุฌุฒุงุฆุฑ ุงุณุชูุชุนูุง ุจุงูุชุดุงู ุงูุนุฑุถ๐
#MobilisTwenty
#mobilis20
#ูุนุง_ูุตูุน_ุงููุณุชูุจู",https://www.facebook.com/share/p/14tVfvuCHR/,437,25,4,6,0,147,36,Mobilis,2024-02-19,0,0,0,0,0,0,0,0,1
75,"๐๐ุฎูุงุตูู ููุฑูุฏู ุโผ๏ธ
 ๐ฏ#ููุจูููุณ ุฎููุช ููู ๐ูุน #Cridilis ๐
โ ุดูู     # ุงููุจูุบ *3*662*
โ ุงุฎุชุฑ ูู ุจูู 20ุฏุฌุ 50ุฏุฌ ู100ุฏุฌ
ูููุฒูุฏ ูู ุงููุนูููุงุช : https://www.mobilis.dz/particulier/service.php?page=52",https://www.facebook.com/share/p/19esY7tAZA/,525,42,4,0,0,135,14,Mobilis,2024-02-21,0,0,1,0,0,0,0,0,0
76,"ุงูููุณููู ุนุงูู ุขุฎุฑ๐ต๐ง๐ค ุชุชููู ูู ุจูุงุฏ ูุจูุงุฏ ุจุงุชูุชุดููุง..mobsound 
ุชุณุงูุฑ ุจููโ๏ธ ูุงูุช ูู ููุงูู ุจุฃุณุนุงุฑ ูุงููุฉ ๐๐
#ููุจูููุณ #ูุนุง_ูุตูุน_ุงููุณุชูุจู
#mobsound",https://www.facebook.com/share/p/1DUtGPuiFP/,255,18,3,2,0,89,5,Mobilis,2024-02-24,0,0,0,0,0,0,0,0,1
77,"ุชูุงุตููุง ูุน ุฃูุงุฑุจูู ูู ุงูุจูุงุน ุงูููุฏุณุฉ ุนู ุทุฑูู ุนุฑุถ #ุงูุนูุฑุฉ ๐๐ฒ
๐ฅฐุจุชุดููู ุงูุฑูุฒ #600* ุฃู ุนูู ูุณุชูู ุงูููุงูุงุช ุงูุชุฌุงุฑูุฉ #ููุจูููุณ๐คฉ
ูุชูุงุตูู ุฃูุซุฑ ูุฏุนููู ูุฒูุงุฑุฉ ุงูุฑุงุจุท ุงูุฎุงุต ุจุนุฑุถ ุงูุนูุฑุฉ:  ๐๐https://mobilis.dz/roaming_hadj_2023.php
#ูุนุงู_ูุตูุน_ุงููุณุชูุจู",https://www.facebook.com/share/p/1D5AaEKigY/,308,36,4,0,0,34,3,Mobilis,2024-02-27,0,0,0,0,1,0,1,0,0
78,"#ููุจููุจุณ ุญุงุถุฑ ูู ุงูููุฉ ุงูุณุงุจุนุฉ ูููุชุฏู #ุงูุฏูู_ุงููุตุฏุฑุฉ_ููุบุงุฒ ุงูุชู ุณุชุณุชุถูููุง ุงูุฌุฒุงุฆุฑ ๐ฉ๐ฟ ูู ุงููุชุฑุฉ ุงูููุชุฏุฉ ูู 29 ูููุฑู ุฅูู 2 ูุงุฑุณ 2024 ุนูู ูุณุชูู ุงููุฑูุฒ ุงูุฏููู ูููุคุชูุฑุงุช ""ุนุจุฏ ุงููุทูู ุฑุญุงู"".",https://www.facebook.com/share/p/1F5aEXxNec/,365,30,4,1,0,78,5,Mobilis,2024-02-28,0,0,0,0,1,0,1,0,0
79,"ูุน #ููุจูููุณ..
ุจุฅููุงูู ุชุฎุตูุต ุงููุต ุงูุฐู ูุชูู ุนุฑุถู ุนูู ุงูุดุงุดุฉ ๐ฑ ุญูู ุชูููู ุฃู ุงุชุตุงู.
ูุง ุนููู ุฅููุง ุชุดููู #682* ูููุตูู ุฅูู ุฎุฏูุฉ #MobMic ูุงูุชุนุจูุฑ ุนู ูุฒุงุฌู ูุจู ุงูุฅุฌุงุจุฉ๐
ุชุนุฑูููุง ุนูู ุงูุฎุฏูุฉ : https://mobilis.dz/ar/particulier_ar/service.php?page=23",https://www.facebook.com/share/p/1LRhauZK1f/,405,37,0,0,0,63,2,Mobilis,2024-03-02,0,0,0,0,1,0,0,0,0
80,#ููุจูููุณ ูุชุดุฑู ุจูุฑุงููุฉ ุถููู ุงูุฌุฒุงุฆุฑ ูู #ุงูููุฉ_ุงูุณุงุจุนุฉ_ูููุชุฏู_ุงูุฏูู_ุงููุตุฏุฑุฉ_ููุบุงุฒ๐ฉ๐ฟ,https://www.facebook.com/share/p/18FKqHZ6w6/,335,27,3,0,0,61,5,Mobilis,2024-03-02,0,0,0,0,0,0,1,0,0
81,"ุนูุดูุง ุงูููุณููู ูุน Mobsound
#ููุจูููุณ #ูุนุง_ูุตูุน_ุงููุณุชูุจู
#Mobsound",https://www.facebook.com/share/p/1DPV6ArAE9/,311,29,2,0,1,65,8,Mobilis,2024-03-05,1,0,0,0,0,0,1,0,0
82,"โ#ููุจูููุณ ุญุงุถุฑ ูู ุงููุณุฎุฉ ุงูุซุงููุฉ ูู Algeria Fintech & E-commerce Summit ุงูุชู ุชุนุชุจุฑ ุฑุงุฆุฏุง ูู ูุฌุงู ุงูุชูููููุฌูุง ุงููุงููุฉ ูุงูุชุฌุงุฑุฉ ุงูุฅููุชุฑูููุฉ ูู ุงูุฌุฒุงุฆุฑ.
โุงูุญุฏุซ ููุงู ูู ุงููุชุฑุฉ 5 ุฅูู 7 ูุงุฑุณ 2024 ุจุงููุฏุฑุณุฉ ุงูุนููุง ููููุฏูุฉ ูุงูุฅุทุนุงู ูู ุนูู ุจููุงู- ุงูุฌุฒุงุฆุฑ ุงูุนุงุตูุฉ.
โููุจููุณ ูุฑุญุจ ุจูู ูู ุฌูุงุญู ุงูุฎุงุต.",https://www.facebook.com/share/p/1UVb1qZmyi/,359,27,2,1,0,135,4,Mobilis,2024-03-05,0,0,0,0,1,0,1,0,0
83,"ุชูููููููููููููููุงูุชู..ุฃููููููููููููุฏุฑ ๐ูููููููููููููููููููููุชู๐ฒ
#MobilisTwenty
#mobilis20
#ูุนุง_ูุตูุน_ุงููุณุชูุจู",https://www.facebook.com/share/p/15owimy1sn/,568,54,2,0,0,133,13,Mobilis,2024-03-06,0,0,1,0,0,0,0,0,0
84,"ุชูุชุฒู ููุจูููุณ ุจุงูุนูู ุจูุธุงู ุณูุงุณุฉ ุงูุฌูุฏุฉ ุจุงููุนุงููุฑ ุงูุนุงูููุฉ ูู ุฃุฌู ุชูุฏูู ุฃุญุณู ุงูุฎุฏูุงุช.
#ุณูุงุณุฉ_ุงูุฌูุฏุฉ 
#ูุนุง_ูุตูุน_ุงููุณุชูุจู",https://www.facebook.com/share/p/18H81gxWZk/,461,39,6,2,3,150,83,Mobilis,2024-03-06,0,0,0,0,0,0,0,0,1
85,"ุชุญุฏูุซ ูุงู ููุธุงู ""ุฃุฑุณูู"" ูู ููุจูููุณ!
ูุณุนุฏูุง ูู ููุจูููุณ ุงูุฅุนูุงู ุนู ุชุญุฏูุซ ูุธุงู ุงูุชูุฒูุน ุงูุฅููุชุฑููู ููุฑุตูุฏ ""ุฃุฑุณูู"" ูุฌุฒุก ูู ุณุนูููุง ุงูุฏุงุฆู ูุชุญุณูู ุงูุฎุฏูุงุช ุงูููุฏูุฉ ูุดุฑูุงุฆูุง ูุฌููุน ุฒุจุงุฆููุง ุนูู ูุณุชูู ููุงุท ุงูุจูุน.
ูุน ููุจูููุณุ ุชูุชุน ุจุชุฌุฑุจุฉ ุฃูุถู ูู""ุฃุฑุณูู""!",https://www.facebook.com/share/p/18azkseKM3/,1120,54,5,0,3,222,29,Mobilis,2024-03-08,0,0,0,0,1,0,1,0,0
86,"ุฑููู ุนุฒูุฒ ูุญุงุจ ุชุญุงูุธ ุนููู..#ููุจูููุณ ุฌุงุจุชููู ุงูุฌุฏูุฏ๐คฉ ุฃููุจูุง #ุชูุงูุชู ุจูุง ูุง ุถููุน ุฑููู๐
#ุชูุงูุชู_ุชุจูู_ุชูุงูุชู",https://www.facebook.com/share/v/1YZu3jEhG9/,629,78,12,1,1,17,19,Mobilis,2024-03-11,0,0,0,0,0,0,0,0,1
87,"#ููุจูููุณ ุฌุงุจุชููู ุงูุฌุฏูุฏ๐คฉ..
โุฎูุงุต ุฏุฑู ุชูุฏุฑ ุชููุจูุง #ุชูุงูุชู ุจูุง ูุง ุชุจุฏูู ุฑููู๐
#ุชูุงูุชู_ุชุจูู_ุชูุงูุชู",https://www.facebook.com/share/p/1EJcqeEAJq/,819,86,9,0,2,68,20,Mobilis,2024-03-12,0,0,0,0,0,0,0,0,1
88,"ุฃููุจูุง #ุชูุงูุชู ุจูุง ูุง ุถููุน ุฑููู๐
#ุชูุงูุชู ุฃูุฏุฑ ู ูููููุชู",https://www.facebook.com/share/p/15TmGD1UZj/,1488,220,27,0,0,17,14,Mobilis,2024-03-18,1,0,0,0,0,0,1,0,0
89,"#ุฌุฏูุฏ_ุฑูุถุงู 
ุฃููุจูุง #ุชูุงูุชู ุจูุง ูุง ุถููุน ุฑููู๐๐
ูููููู ุงูุงูุชูุงู ุฅูู ุงูุนุฑุถ #Twenty ๐
๐ุนูู ูุงุฆูุฉ #600*
๐ุฃู ุงูููุงูุงุช ุงูุชุฌุงุฑูุฉ #ููุจูููุณ
ูุงูุงุณุชูุงุฏุฉ ูู ุฃูุถู ุนุฑุถ ูู ุชุงุฑูุฎ ๐ ุงูุงุชุตุงูุงุช ุจู #ุงูุฌุฒุงุฆุฑ๐ฉ๐ฟ
ูุน ุชูุงูุชู ุฃููููููููููููููููููููููุฏุฑ ู ูููููููููููููููููููููููููุชูููููููููููููููููููู ๐",https://www.facebook.com/share/p/18Fi384JTv/,1005,138,16,0,1,9,7,Mobilis,2024-03-20,0,0,1,0,1,0,0,0,0
90,"ุฑูุถุงู ุฌุง ูุฌุงุจ ูุนุงู  Pass ุฌุฏูุฏ๐คฉ
โุบูุฑ ุจู30ุฏุฌ ุนูุฏู 500Mo ุชูุฏุฑ ุชูููููุชู ุจููุง ""ูุงูุณุจูู"" ููุง ""ุงูุณุชุบุฑุงู""ุ ""ููุชููุจ""ุ ""ุชููุชูู""ุ ""ูุงุชุณุงุจ""ุ ""ูุงูุจุฑ""ุ""ุณูุงุจ ุดุงุช"" ูุญุชู ""Pinterset""๐ฒ
โูููู ููุดุชุฑูู Sama ุชูุนูู ุงูุจุทุงูุงุช ุงูุชุฑููุฌูุฉ ุนุจุฑ:
-ุงููุงุฆูุฉ *600#
- ุชุทุจูู MobiSpace
-ูุงุฌูุฉ ุงูููุจ MeetMob
-ููุงูุฉ ููุจูููุณ
โุงูุนุฑุถ ุตุงูุญ ุทููุฉ ุดูุฑ ุฑูุถุงู",https://www.facebook.com/share/v/1LVBYrqfc4/,1136,161,16,0,0,4,24,Mobilis,2024-03-21,0,0,1,0,0,1,0,0,0
91,"ุฑูุถุงู ุฌุง ูุฌุงุจ ูุนุงู  Pass ุฌุฏูุฏ๐คฉ
โุบูุฑ ุจู30ุฏุฌ ุนูุฏู 500Mo ุชูุฏุฑ ุชูููููุชู ุจููุง ""ูุงูุณุจูู"" ููุง ""ุงูุณุชุบุฑุงู""ุ ""ููุชููุจ""ุ ""ุชููุชูู""ุ ""ูุงุชุณุงุจ""ุ ""ูุงูุจุฑ""ุ""ุณูุงุจ ุดุงุช"" ูุญุชู ""Pinterset""๐ฒ
โูููู ููุดุชุฑูู Sama ุชูุนูู ุงูุจุทุงูุงุช ุงูุชุฑููุฌูุฉ ุนุจุฑ:
-ุงููุงุฆูุฉ *600#
- ุชุทุจูู MobiSpace
-ูุงุฌูุฉ ุงูููุจ MeetMob
-ููุงูุฉ ููุจูููุณ
โุงูุนุฑุถ ุตุงูุญ ุทููุฉ ุดูุฑ ุฑูุถุงู",https://www.facebook.com/share/v/1DisyimCvE/,1233,181,28,1,0,4,13,Mobilis,2024-03-23,0,0,1,0,0,1,0,0,0
92,"#ุฌุฏูุฏ_ุฑูุถุงู
ุฃููุจูุง #Twenty ุจูุง ูุง ุถููุน ุฑููู๐๐
ูููููู ุงูุฅูุชูุงู ุฅูู ุงูุนุฑุถ Twenty# ๐
๐ุนูู ูุงุฆูุฉ #600*
๐ุฃู ุงูููุงูุงุช ุงูุชุฌุงุฑูุฉ ููุจูููุณ
ูุงูุฅุณุชูุงุฏุฉ ูู ุฃูุถู ุนุฑุถ ูู ุชุงุฑูุฎ ๐ ุงูุงุชุตุงูุงุช ุจุงูุฌุฒุงุฆุฑ
ูุน #Tw20ty ุฃููููููููููููููููููููููุฏุฑ ู ูููููููููููููููููููููููููุชูููููููููููููููููููู",https://www.facebook.com/share/p/15iEXdan9p/,846,111,11,0,1,10,1,Mobilis,2024-03-24,0,0,1,0,1,0,0,0,0
93,"ุชูููููููุงูุชู ูู ุฑูุถูููููุงู ุงูุทูุงุจ ูุงููุตูุงุช ุนูููุง๐๐ฅ
80ุฌูุบุง ุชุฎููู ุชุดุงูุฏ ูุญุชูู ุงูุทุจุฎ ุจูุง ููุงูุฉ๐ฒ..*600# ูุงูุช ูุฑูุชูุง ๐คฉ
#ุชูุงูุชู_ุชุจูู_ุชูุงูุชู",https://www.facebook.com/share/p/12Gn1aSr9Gr/,949,148,13,1,0,8,6,Mobilis,2024-03-24,1,0,0,0,0,0,1,0,0
94,"ุฑูุถุงู ุฌุง ูุฌุงุจ ูุนุงู  Pass ุฌุฏูุฏ๐คฉ
โุบูุฑ ุจู30ุฏุฌ ุนูุฏู 500Mo ุชูุฏุฑ ุชูููููุชู ุจููุง ""ูุงูุณุจูู"" ููุง ""ุงูุณุชุบุฑุงู""ุ ""ููุชููุจ""ุ ""ุชููุชูู""ุ ""ูุงุชุณุงุจ""ุ ""ูุงูุจุฑ""ุ""ุณูุงุจ ุดุงุช"" ูุญุชู ""Pinterset""๐ฒ
โูููู ููุดุชุฑูู Sama ุชูุนูู ุงูุจุทุงูุงุช ุงูุชุฑููุฌูุฉ ุนุจุฑ:
-ุงููุงุฆูุฉ *600# 
-ูุงุฌูุฉ ุงูููุจ MeetMob
-ููุงูุฉ ููุจูููุณ
โุงูุนุฑุถ ุตุงูุญ ุทููุฉ ุดูุฑ ุฑูุถุงู",https://www.facebook.com/share/v/15bFNezDPJ/,522,71,12,0,0,13,29,Mobilis,2024-03-25,0,0,1,0,0,1,0,0,0
95,"#ุฌุฏูุฏ_ุฑูุถุงู๐คฉ
30ุฏุฌ ุนูุฏ ููุจูููุณ ุฌูุจูู 500Mo ุชูุฏุฑ ุชุดุบูู ุจููุง passe 
 ูุงูุณุจูู 
ููุง ""ุงูุณุชุบุฑุงู""
""ูุงูุจุฑ""ุ
 ""ููุชููุจ""ุ
 ""ุชููุชูู""ุ
 ""ูุงุชุณุงุจ""ุ 
""ุณูุงุจ ุดุงุช"" 
 ูุญุชู ""Pinterset""๐ฒ
โูููู ููุดุชุฑูู Sama ุชูุนูู ุงูุจุทุงูุงุช ุงูุชุฑููุฌูุฉ ุนุจุฑ:
-ุงููุงุฆูุฉ *600#
-ูุงุฌูุฉ ุงูููุจ MeetMob
-ููุงูุฉ ููุจูููุณ
โุงูุนุฑุถ ุตุงูุญ ุทููุฉ ุดูุฑ ุฑูุถุงู",https://www.facebook.com/share/v/1GqbQ6JkfD/,421,61,11,0,0,4,6,Mobilis,2024-03-31,0,0,1,0,1,0,0,0,0
96,"Meilleurs vลux pour le nouvel an 2024 et que cette annรฉe soit pleine de bonheur et de succรจs !
ุฃุฌูู ุงูุชูุงูู ุจููุงุณุจุฉ ุงูุนุงู ุงูุฌุฏูุฏ 2024 ููุชูู ูุฐู ุงูุณูุฉ ูููุฆุฉ ุจุงูุณุนุงุฏุฉ ูุงููุฌุงุญ !",https://www.facebook.com/photo/?fbid=389869536947371&set=a.295486553052337,494,86,13,0,0,9,2,Ooredoo,2024-01-01,1,0,0,0,0,0,1,0,0
97,"Avec les forfaits Voyage, bรฉnรฉficiez de 15Go dโinternet. N'attendez plus, composez *160# et restez en contact avec vos proches !
Plus dโinformations sur :
http://ore.do/forfaits-roaming
ูุน ุงุดุชุฑุงูุงุช ุงูุณูุฑุ ุงุณุชูุงุฏูุง ูู 15Go ุฅูุชุฑูุช.
ูุง ุชุณุชูุงูุดุ ุดููููุง *160# ูุฃุจูุงู ุนูู ุงุชุตุงู ูุน ุฃุญุจุงุจูู!
ุงููุฒูุฏ ูู ุงููุนูููุงุช ุนูู :
http://ore.do/forfaits-roaming",https://www.facebook.com/watch/?v=386785770588354,269,36,9,1,1,5,1,Ooredoo,2024-01-02,0,0,1,0,1,0,0,0,0
98,"Tรฉlรฉchargez lโapplication My Ooredoo, partagez le lien de tรฉlรฉchargement avec vos proches et gagnez jusquโร 5Go !
Application disponible sur ๐
https://onelink.to/zwt3gy
ุชูููุดุงุฑุฌูู ุชุทุจูู My Ooredooุ ุจุงุฑุทุงุฌูู ุฑุงุจุท ุงูุชุญููู ูุน ุฃุญุจุงุจูู ูุงุฑุจุญูุง ุญุฌู ุงูุชุฑูุช ูุตู ุงูู5Go !
ุงูุชุทุจูู ูุชููุฑ ุนูู ๐  
https://onelink.to/zwt3gy",https://www.facebook.com/OoredooDZ/posts/390952623505729?ref=embed_post,315,49,5,0,1,6,3,Ooredoo,2024-01-03,0,0,1,0,0,1,0,0,0
99,"Rรฉalise ton rรชve de gagner une maison avec le jeu Dari Quiz! Recharge 2000da et participe!
Plus dโinformations sur: http://ore.do/dari-quiz
ุญูู ุญููู ูุงุฑุจุญ ุฏุงุฑ ูุน ูุณุงุจูุฉ Dari Quiz! ุนุจุฆ 2000 ุฏุฌ ูุดุงุฑู!
ุงููุฒูุฏ ูู ุงููุนูููุงุช ุนูู: http://ore.do/dari-quiz",https://www.facebook.com/watch/?v=1528090807979319&t=0,269,54,9,1,1,6,1,Ooredoo,2024-01-04,0,0,0,0,0,0,0,1,1
100,"Avec ANAZIK, profitez des meilleurs sons du moment et รฉclatez-vous avec une playlist spรฉciale roadtrip !
Tรฉlรฉchargez lโapplication par ici : 
http://ore.do/anazik 
ูุน ANAZIKุ ุงุชูุชูุนูุง ุจุฃุฌูู ุงูุฃุบุงูู ูุดููููุง ูุงุฆูุฉ ุฃุบุงูู ุชุงุน ุงูุชุญูุงุณ!
ุญููููุง ุงูุชุทุจูู ููุง:
http://ore.do/anazik",https://www.facebook.com/watch/?v=268453709320187,176,25,6,1,0,6,1,Ooredoo,2024-01-06,0,0,0,0,0,0,0,0,1
101,"Connecte-toi sans compter et fais le plein de tes sรฉries et films prรฉfรฉrรฉs !
Avec le forfait, 1000 profite de :
15Go dโinternet
5Go YouTube
Le tout valable 30 jours et ร 1000 DA seulement
Pour acheter le forfait, cliquez ici :
http://ore.do/forfaits-internet",https://www.facebook.com/watch/?v=1071509924041916&t=0,230,37,8,0,0,6,1,Ooredoo,2024-01-07,0,0,1,0,1,0,0,0,0
102,"Avec Khabbarni, ne ratez aucune info !
Composez *515# et choisissez votre abonnement.
Plus dโinformations sur :
http://ore.do/khabbarni 
ูุน ุฎุจูุฑููุ ุญุชูู ุฎุจุฑ ูุง ูููุชูู!
ุดููููุง *515# ูุฎููุฑูุง ุงูุงุดุชุฑุงู ุงูููู ููุงุณุจูู.
ุงููุฒูุฏ ูู ุงููุนูููุงุช ุนูู :
http://ore.do/khabbarni",https://www.facebook.com/OoredooDZ/posts/393812453219746?ref=embed_post,255,30,5,0,0,6,0,Ooredoo,2024-01-08,0,0,1,0,0,1,0,0,0
103,"ูุงูุช ูู ูู ุงุชุตุงูุงุช ุงูุฌุฒุงุฆุฑ ู Ooredoo ููู ุงูุซูุงุซุงุก 09 ุฌุงููู 2024 ุจุงูุชูููุน ุนูู ุจุฑุชูููู ุงุชูุงู ุญูู ุชุจุงุฏู ุงูุฎุฏูุงุช ุงููุจุชูุฑุฉ ุจูู ุงููุคุณุณุชูู.
ุงููุฒูุฏ ูู ุงููุนูููุงุช ุนูู:http://ore.do/zydc_ar
Algรฉrie Tรฉlรฉcom  et Ooredoo ont procรฉdรฉ, ce mardi 09 janvier 2024, ร la signature dโun protocole dโaccord portant sur lโรฉchange de services innovants entre les deux entreprises.
Plus dโinformations sur :http://ore.do/zydc_",https://www.facebook.com/OoredooDZ/posts/394302569837401?ref=embed_post,339,53,6,0,0,0,4,Ooredoo,2024-01-09,0,0,0,0,0,0,1,0,0
104,"ูุน  Ooredooูุงูู ุงุดุชุฑุงู 100ุ ู 300 ู 1500ุ ูุฃูุชููุง ุงูููู ุชุฎููุฑูุง ุงูุงุดุชุฑุงู ุงูููู ููุงุณุจูู !
ุฎููุฑูุง ุงุดุชุฑุงููู ุนูู ุงูุฑุงุจุท ููุง โ:
http://choof.ooredoo.dz
ุงููุฒูุฏ ูู ุงููุนูููุงุช ุนูู :
http://ore.do/forfaits-internet  
Avec Ooredoo, tu as les forfaits 100, 300, ou encore 1500 et cโest ร toi de choisir celui qui te convient !
Choisissez votre forfait sur le lien  โ :
http://choof.ooredoo.dz
Plus dโinformations sur :
http://ore.do/forfaits-internet",https://www.facebook.com/OoredooDZ/posts/394384193162572?ref=embed_post,308,34,4,1,0,4,0,Ooredoo,2024-01-09,0,0,0,0,0,0,0,0,1
105,"
ุชุงุฑูุฎ ุงูุนููุฏ ูุจูุฑุ ูOoredooุฑุงูุญุฉ ุชุฒูุฏ ุงูุจุตูุฉ ุชุงุนูุง ููู !
Ooredoo
ุชูููุน ุนูุฏ ุฑุนุงูุฉ ูุน ูุฑูู ููููุฏูุฉ ุงูุฌุฒุงุฆุฑ ูุชุตุจุญ ุงูุฑุงุนู ุงูุฑุณูู ูู !
ุงุจูุงู ูุชุตููู ูุนุงูุง ุนูู ููุงูุน ุงูุชูุงุตู ุงูุงุฌุชูุงุนูุ ุงูุนุฏูุฏ ูู ุงูููุงุฌุขุช ุฑุงูู ุฌุงูุฉ !",https://www.facebook.com/watch/?v=1125417532223251&ref=sharing,876,796,43,0,0,6,22,Ooredoo,2024-01-10,0,0,0,0,1,0,1,0,0
106,"
20 ans dโinnovation et de belles rรฉalisations et le meilleur reste ร venir !
ุนุดูุง ุนุดุฑูู ู ูุฒุงู ูุชุนุงุดุฑูู
20ุณูุฉ ูู ุงูุงุจุชูุงุฑ ูุงูุฅูุฌุงุฒุงุช ุงูุฑุงุฆุนุฉ ูุงููุงุฏู ุฃูุถู !",https://www.facebook.com/watch/?v=1623898381752736&ref=sharing,293,77,10,2,0,2,1,Ooredoo,2024-01-11,1,0,0,0,0,0,1,0,0
107,"La fรชte de Yennayer est une occasion pour partager des moments prรฉcieux avec les รชtres chers et cรฉlรฉbrer notre belle culture.
Assegwas Ameggaz et  Yennayer Amervuh ร toutes et ร tous !
ููุงูุฑ ูู ูุฑุตุฉ ููุถุงุก ุฃููุงุช ุซูููุฉ ูุน ุฃุบูู ุงููุงุณ ูุงูุงุญุชูุงู ุจุซูุงูุชูุง ุงูุฌูููุฉ.
ุฃุณฺจุงุณ ุฃูฺจุงุฒ ููุฌููุน ููู ุนุงู ูุฃูุชู ุจุฎูุฑ !",https://www.facebook.com/OoredooDZ/posts/395832986351026?ref=embed_post,631,171,14,0,0,7,96,Ooredoo,2024-01-12,1,0,0,0,0,0,1,0,0
108,"
โฝ๏ธ
ุฅุซุงุฑุฉ ูุฑุฉ ุงููุฏู ุชุนูุดููุง ุตุญ ูุน ! Ooredoo",https://www.facebook.com/watch/?v=340126645504741&ref=sharing,473,88,16,0,0,3,4,Ooredoo,2024-01-12,0,0,0,0,0,0,1,0,0
109,"
ุญูุงุณ ูุฃุณ ุฃูู ุฃูุฑูููุง 2023 ูุนูุดูู ุฎูุฑ ูู ูุดุงุฑููู!
ุงุณุชูุงุฏูุง ูู ุงุดุชุฑุงูุงุช ุงูุชุฌูุงู ูู Ooredooุ ุงูุฎุงุตุฉ ุจููุช ุฏูููุงุฑ",https://www.facebook.com/watch/?v=1092270538468718&ref=sharing,289,38,7,0,0,1,0,Ooredoo,2024-01-13,0,0,0,0,0,0,0,0,1
110,"
ููู ูุง ูููููุง ุงูููุงุตุฑููุ ูููู ุงูุญูุงุณ ูุงูุฃุฌูุงุก ุงูุงุญุชูุงููุฉ !
ููุน Ooredooุ ุงูููุงุตุฑูู ุฏููุง ูู ุงูููุจ ูุชุฑุงูููู ูู ูู ุงูููุงุณุจุงุช ุงูุฑูุงุถูุฉ !
ุฃุจูุงู ูุชุตููู ูุนุงูุงุ ุงูุนุฏูุฏ ูู ุงูููุงุฌุขุช ุฑุงูู ุฌุงูุฉโฝ๏ธ๐ด",https://www.facebook.com/watch/?v=704623971650687&ref=sharing,432,70,10,1,0,2,0,Ooredoo,2024-01-13,0,0,0,0,0,0,1,0,0
111,"
ุงูุถูููุง ุฅูููุง ูู ููุงุตุฑ zone ุชุงุนูุง ูู ุงูุจุฑูุฏ ุงููุฑูุฒู ุจุงุด ุชุนูุดูุง ุฅุซุงุฑุฉ la CAN ูุฌุฑูุจูุง ุญุธูู ูุน QUIZ FOOTBALL ุจุงุด ุชุฑุจุญูุง ูุฏุงูุง ุฑุงุฆุนุฉ !
ุงููุฒูุฏ ูู ุงููุนูููุงุช ุนูู : http://ore.do/monaser-zone",https://www.facebook.com/watch/?v=757791919545375&ref=sharing,232,23,2,0,0,1,3,Ooredoo,2024-01-14,0,0,0,0,0,0,1,1,0
112,"
ุนูุดูุง ุฅุซุงุฑุฉ ูุจุงุฑูุงุช CAN 2023 ูู ููุงุตุฑ zone ุชุงุน Ooredoo ูู ุงูุจุฑูุฏ ุงููุฑูุฒูุ ูุงุฑุจุญูุง ูุฏุงูุง ุฑุงุฆุนุฉ !
ุงููุฒูุฏ ูู ุงููุนูููุงุช ุนูู : http://ore.do/monaser-zone",https://www.facebook.com/watch/?v=1083462956019642&ref=sharing,275,32,10,0,2,2,1,Ooredoo,2024-01-16,0,0,0,0,0,0,1,0,0
113,"ูุน Ooredooุ ุฅุซุงุฑุฉ la CAN 2023 ุชุนูุดููุง ูุจุงุดุฑุฉ ูุน Ooredoo !
ุงูุถููุง ุฅูููุง ูู ููุงุตุฑ zone ุชุงุนูุง ูู ุงูุจุฑูุฏ ุงููุฑูุฒู ูุงุฑุจุญูุง ูุฏุงูุง ุฑุงุฆุนุฉ !
ุงููุฒูุฏ ูู ุงููุนูููุงุช ุนูู : http://ore.do/monaser-zone
ุญููููุง PDF QUIZ๐
 http://ore.do/jeu-quiz",https://www.facebook.com/OoredooDZ/posts/398948296039495?ref=embed_post,404,44,9,0,0,2,1,Ooredoo,2024-01-17,0,0,0,0,0,1,1,0,0
114,"ุนูุดูุง ุฅุซุงุฑุฉ ูุจุงุฑูุงุช CAN 2023 ูู ููุงุตุฑ zone ุชุงุน Ooredoo ูู ุงูุจุฑูุฏ ุงููุฑูุฒูุ ูุงุฑุจุญูุง ูุฏุงูุง ุฑุงุฆุนุฉ !
ุงููุฒูุฏ ูู ุงููุนูููุงุช ุนูู : http://ore.do/monaser-zone",https://www.facebook.com/OoredooDZ/posts/399479952652996?ref=embed_post,322,42,2,0,0,0,1,Ooredoo,2024-01-18,0,0,0,0,0,0,1,0,0
115,"Amateurs du foot ce challenge est pour vous !
Suivez les instructions de Merouane et tentez votre chance pour gagner un magnifique smartphone !
ุนุดุงู ูุฑุฉ ุงููุฏูุ ูุฐุง ุงูุชุญุฏู ูููู !
ุชุจูุนูุง ุงูุชุนูููุงุช ุชุงุน ูุฑูุงู ูุฌุฑูุจูุง ุญุธูู ุจุงุด ุชุฑุจุญูุง ูุงุชู ุฐูู ุฑุงุฆุน !",https://www.facebook.com/reel/240613705750524,200,50,8,0,0,0,0,Ooredoo,2024-01-18,0,0,1,0,0,0,0,1,0
116,"
Retour en images sur la cรฉrรฉmonie de la signature du contrat de sponsoring conclu entre Ooredoo et le Doyen, le Mouloudia Club dโAlger (MCA).
ุงูุชุดููุง ูุนูุง ุงูุตูุฑ ุงูุฎุงุตุฉ ุจุชูููุน ุนูุฏ ุงูุฑุนุงูุฉ ุงููุจุฑู ุจูู Ooredoo ูุงูุนููุฏุ ูุฑูู ููููุฏูุฉ ุงูุฌุฒุงุฆุฑ",https://www.facebook.com/watch/?v=937267587984111&ref=sharing,364,79,4,1,0,2,0,Ooredoo,2024-01-19,0,0,0,0,0,1,1,0,0
117,"ุงูููุฒ ูู ูุชูุงูููุงุ ุงูุฃูู ูุง ูุชุณุฑุนูุด ู ูุงูุฏูุฑูุด ุถุบุท ุณูุจู ุนูู ุงููุงุนุจูู
ุงูุทุฑูู ูุญู ุงููุฌูุฉ ุงูุซุงูุซุฉ โญ๏ธโญ๏ธโญ๏ธ
#AFCON 
#AFCON2023
Ooredoo Algรฉrie 
http://ore.do/y",https://www.facebook.com/watch/?v=1475376296666653&ref=sharing,299,59,6,1,0,0,10,Ooredoo,2024-01-20,0,0,0,0,0,0,1,0,0
118,"ูุจุงุฑุงุฉ ููููุฉ ุชูุนุจูุง ุงูุฌุฒุงุฆุฑ ุถุฏ ุจูุฑูููุงูุงุณู ุงูููู ุนูู ุงูุณุงุนุฉ 3 ูุณุงุกู !
ุงูุถูููุง ุฅูููุง ูู "" ููุงุตุฑ zone "" ุชุงุน Ooredoo ูู ุณุงุญุฉ ุงูุจุฑูุฏ ุงููุฑูุฒู ุจุงุด ุชุดุฌูุนูุง ุงูุฌุฒุงุฆุฑ",https://www.facebook.com/reel/1333656284694580,300,30,3,0,0,2,0,Ooredoo,2024-01-20,0,0,0,0,1,0,1,0,0
119,"De par son soutien inlassable ร la cause palestinienne, Ooredoo a sponsorisรฉ un spectacle musical organisรฉ par lโOpรฉra dโAlger sous le thรจme ยซ Paix pour la Palestine ยป, autour duquel sโest rรฉunie une multitude dโartistes Algรฉriens. ร travers ce concert grandiose ร la fois artistique et caritatif, Ooredoo a uni sa voix avec celle des artistes afin de rรฉitรฉrer sa solidaritรฉ inรฉbranlable avec le peuple palestinien. Cet รฉvรจnement marquant a รฉtรฉ couronnรฉ par la collecte des recettes de la billetterie au profit du peuple palestinien. 
Plus d'informations sur: http://ore.do/qq5c7
ูู ุธู ุฏุนููุง ุงููุงูุชูุงูู ูููุถูุฉ ุงูููุณุทูููุฉุ ูุงูุช Ooredoo ุจุฑุนุงูุฉ ุนุฑุถ ููุณููู ูุธูุชู ุฃูุจุฑุง ุงูุฌุฒุงุฆุฑ ุชุญุช ุนููุงู ""ุงูุณูุงู ูููุณุทูู"" ุจูุดุงุฑูุฉ ุฌููุฉ ูู ุงูููุงููู ุงูุฌุฒุงุฆุฑููู. ุนุจุฑ ูุฐู ุงูุงูุชูุงุชุฉ ุงููููุฉ ูุงูุฎูุฑูุฉุ ุฃุนุฑุจุช Ooredoo ุนู ุชุนุงุทููุง ูุชุถุงูููุง ุงูุฑุงุณุฎ ูุน ุงูุดุนุจ ุงูููุณุทูููุ ูุงูุชูุช ูุฐู ุงูุชุธุงูุฑุฉ ุงููููุฉ ุงูุฌูููุฉ ุจุฌูุน ูุฏุงุฎูู ุชุฐุงูุฑ ุงูุญูู ููุงุฆุฏุฉ ุงูุดุนุจ ุงูููุณุทููู.
ุงููุฒูุฏ ูู ุงููุนูููุงุช ุนูู : http://ore.do/qq5c7_ar",https://www.facebook.com/OoredooDZ/posts/401183665815958?ref=embed_post,336,36,4,0,0,0,3,Ooredoo,2024-01-21,0,0,0,0,0,0,0,0,1
120,"ูููุฆุง ูููุงุฆุฒูู ูุนูุง ุจุจุทุงูุฉ ุชุนุจุฆุฉ 1000 ุฏุฌ !  
ูุชููุง ุซุงูู ุฌุฑูุจูุง ุญุธูู ูุงูุนุจูุง!",https://www.facebook.com/OoredooDZ/posts/401293099138348?ref=embed_post,979,103,14,0,2,1,6,Ooredoo,2024-01-21,0,0,0,0,0,0,0,0,1
121,"Upgrade le niveau avec la Switch 4000
ร toi lโinternet illimitรฉ 
4000 DA de crรฉdit 
Et 50 minutes dโappels vers lโinternational 
Quโest ce que tu attends pour switcher vers la 4000 ? 
Plus dโinformations sur : 
http://ore.do/la-switch 
ุฃูุช ุชุงููุช ุฏูุฑ Switch 4000 ู ุงุณุชูุงุฏ ูู 
ุฅูุชุฑูุช ุบูุฑ ูุญุฏูุฏ 
ุฑุตูุฏ 4000 ุฏุฌ
ู50 ุฏูููุฉ ููุงููุงุช ุฏูููุฉ
ุงููุฒูุฏ ูู ุงููุนูููุงุช ุนูู :
http://ore.do/la-switch",https://www.facebook.com/watch/?v=366794326050786&ref=sharing,276,35,4,0,0,3,6,Ooredoo,2024-01-21,0,0,1,0,1,0,0,0,0
122,"ูููุฆุง ูููุงุฆุฒูู ูุนูุง ุจุจุทุงูุฉ ุชุนุจุฆุฉ 1000 ุฏุฌ !  
ูุชููุง ุซุงูู ุฌุฑูุจูุง ุญุธูู ูุงูุนุจูุง!",https://www.facebook.com/OoredooDZ/posts/403137142287277?ref=embed_post,370,45,9,0,2,2,3,Ooredoo,2024-01-24,0,0,0,0,0,0,0,0,1
123,"Notre communautรฉ croรฎt de jour en jour grรขce ร vous, ร vos interactions et ร lโintรฉrรชt que vous portez aux contenus que nous partageons. Merci ร chacun de vous, ensemble nous grandissons !
ุนุฏุฏ ูุชุงุจุนููุง ุฑุงูู ูุฒูุฏ ููููุง ุจุนุฏ ููู ููุฐุง ุจูุถููู ูุจูุถู ุชูุงุนููู ูุนุงูุง ูุงูุชูุงููู ุจุงููุญุชูู ุงููู ููุดุฑูู. ุดูุฑูุง ููู ูุงุญุฏ ููููุ ูุนูุง ูุทูุฑูุง !",https://www.facebook.com/OoredooDZ/posts/403251238942534?ref=embed_post,402,67,6,0,0,1,1,Ooredoo,2024-01-24,0,0,0,0,0,0,0,0,1
124,"Restez Dima branchรฉ avec Dima +
Bรฉnรฉficiez de :
Appels illimitรฉs vers tous les rรฉseaux
60Go dโinternet
ANAZIK, ANAFLIX & Facebook gratuits
250 SMS
Le tout valable pendant 1 mois !
Plus dโinformations sur : 
http://ore.do/dima-plus
ุงุจูุงู ุฏููุง ุนูู ุงุชุตุงู ูุน Dima +
ููุงููุงุช ุบูุฑ ูุญุฏูุฏุฉ ูุญู ูู ุงูุดุจูุงุช
60Goุฅูุชุฑูุช !
ANAZIKู ANAFLIX ููุงูุณุจูู ูุฌุงูู
250ุฑุณุงูุฉ ูุตูุฑุฉ
ุงููู ุตุงูุญ ููุฏุฉ ุดูุฑ ูุงูู!
ุงููุฒูุฏ ูู ุงููุนูููุงุช ุนูู  :
http://ore.do/dima-plus",https://www.facebook.com/watch/?v=1114202519922333&ref=sharing,232,30,3,0,0,1,8,Ooredoo,2024-01-25,0,0,1,0,1,0,0,0,0
125,"Le jeu SPIN & WIN de My Ooredoo te fait gagner 30Go! Tรฉlรฉcharge l'appli et profites-en!
Tรฉlรฉcharge My Ooredoo sur ๐
http://ore.do/y
ุชูููู ูุนุจุฉ SPIN & WINูู My Ooredooูู ุฑุจุญ 30Goุจูู ุณูููุฉ! ุญููู ุงูุชุทุจููุ ุฅูุนุจ ูุงุฑุจุญ!
ุญููู ุชุทุจููMy Ooredoo ุนูู๐
http://ore.do/y",https://www.facebook.com/OoredooDZ/posts/405064318761226?ref=embed_post,281,24,6,0,0,3,0,Ooredoo,2024-01-27,0,0,1,1,0,0,0,0,0
126,"Composez *113# et plongez dans le monde des meilleurs services Ooredoo ! 
Choisissez la rubrique que vous voulez; mobile, compte, boutiques, ou encore services et divertissements.
Plus dโinformations sur : http://ore.do/portail-113
ุดููู #113* ูุงูุชุดู ุฃูุถู ุฎุฏูุงุชOoredoo  !
ุงุฎุชุฑ ุงูุฑูู ุงูุฐู ุชุฑูุฏูุ ุฎุฏูุงุช ุงููุงุชู ุงูููุงูุ ุงูุญุณุงุจุ ูุถุงุกุงุช Ooredooุ ุฃู ุญุชู ุฎุฏูุงุช ุงูุชุฑููู ุงูุฃูุซุฑ ุฅุซุงุฑุฉ 
ุงููุฒูุฏ ูู ุงููุนูููุงุช ุนูู : 
http://ore.do/portail-113",https://www.facebook.com/watch/?v=1435840007007748,180,18,4,0,0,5,0,Ooredoo,2024-01-30,0,0,1,0,0,0,0,0,0
127,"Le Directeur gรฉnรฉral de Ooredoo Algรฉrie, M. Roni Tohme, a รฉtรฉ reรงu, ce mardi 30 janvier 2024 par le Wali dโAnnaba, M. Abdelkader Djellaoui dans une rencontre durant laquelle ils ont รฉchangรฉ autour des investissements de lโentreprise et des opportunitรฉs de leur dรฉveloppement dans la rรฉgion ainsi que du sponsoring du club local de football, lโUSM Annaba.
ุชู ุงุณุชูุจุงู ููู ุงูุซูุงุซุงุก 30 ุฌุงููู 2024 ุงููุฏูุฑ ุงูุนุงู ููุคุณุณุฉ Ooredooุ ุงูุณูุฏ ุฑููู ุทุนูู ูู ูุจู ูุงูู ููุงูุฉ ุนูุงุจุฉุ ุงูุณูุฏ ุนุจุฏ ุงููุงุฏุฑ ุฌูุงููุ ุญูุซ ุชุจุงุฏูุง ุฎูุงู ูุฐุง ุงูููุงุก ุฃุทุฑุงู ุงูุญุฏูุซ ุญูู ุงุณุชุซูุงุฑุงุช ุงููุคุณุณุฉ ู ุณุจู ุชุนุฒูุฒูุง ูู ุงูููุทูุฉ ููุฐุง ุฑุนุงูุฉ ุงููุงุฏู ุงููุญูู ููุฑุฉ ุงููุฏูุ ุงุชุญุงุฏ ุนูุงุจุฉ.",https://www.facebook.com/OoredooDZ/posts/407210585213266?ref=embed_post,363,49,1,0,1,3,3,Ooredoo,2024-01-31,0,0,0,1,0,0,1,0,0
128,"ูุจุฑูู ุนูู ุงููุงุฆุฒูู ุงูููู ูุนุจูุง ูุนูุง ู ุฑุจุญู
@R'h Kociela
@yourstar35
ุฃุจูุงู ูุนุงูุงุ ูู ุฃุณุจูุน ูุงูู ุณุคุงู ุฌุฏูุฏ!",https://www.facebook.com/OoredooDZ/posts/407438485190476?ref=embed_post,305,24,5,0,4,3,1,Ooredoo,2024-01-31,1,0,0,0,0,0,1,0,0
129,"Profite des meilleurs offres avec la Dima + 2000
Encore mieux ? Elle est sans engagement
Pour plus dโinformations, visitez le site suivant :
http://ore.do/dima-plus
ุงุณุชูุฏ ูู ุฃูุถู ุงูุนุฑูุถ ูุน Dima + 2000 !
ูุฒูุฏูู ุ ูุฐุง ุงูุนุฑุถ ุจุฏูู ุงูุชุฒุงู
ุงููุฒูุฏ ูู ุงููุนูููุงุช ุนูู :
http://ore.do/dima-plus",https://www.facebook.com/watch/?v=3354251704873766&ref=sharing,190,21,5,1,0,4,0,Ooredoo,2024-02-01,0,0,1,1,0,0,0,0,0
130,"Il est grand temps de passer ร la Switch et pas nโimporte laquelle la Switch 4000 !
Profitez:
Dโinternet en illimitรฉ
Dโappels en illimitรฉ vers Ooredoo 24H/24
De 4000 DA de crรฉdit
Et de 50 min vers lโinternational
Pour plus dโinformations, consultez le site suivant : http://ore.do/la-switch
ูุงุด ุฑุงู ุชุณุชูู ุจุงุด ุชุจุฏู ูุนุฑุถ La Switch 4000 ุ
ุงุณุชูุฏ ูู :
ุฅูุชุฑูุช ุบูุฑ ูุญุฏูุฏ
ููุงููุงุช ุบูุฑ ูุญุฏูุฏุฉ ูุญู Ooredoo
4000 ุฏุฌ ุฑุตูุฏ
50ุฏูููุฉ ูุญู ุงูุฎุงุฑุฌ
ุงููุฒูุฏ ูู ุงููุนูููุงุช ุนูู : http://ore.do/la-switch",https://www.facebook.com/watch/?v=1104319524055749&ref=sharing,201,20,6,0,0,5,2,Ooredoo,2024-02-03,0,0,1,1,0,0,0,0,0
131,"Profitez des forfaits roaming : voix, data, et SMS en composant *160# 
Gardez le contact avec vos proches oรน que vous soyez !
Plus dโinformations sur :
http://ore.do/forfaits-roaming 
ุดููู #160* ูุงุณุชูุฏ ูู ุนุฑูุถ ุงูุชุฌูุงู: ููุงููุงุชุ ุฅูุชุฑูุช ูุฑุณุงุฆู ูุตูุฑุฉ 
ุงุจูู ุนูู ุงุชุตุงู ุจุฃูุงุฑุจู ุฃูููุง ููุช!
ุงููุฒูุฏ ูู ุงููุนูููุงุช ุนูู : 
http://ore.do/forfaits-roaming",https://www.facebook.com/OoredooDZ/posts/409831324951192?ref=embed_post,272,32,7,0,0,2,0,Ooredoo,2024-02-04,0,0,1,0,1,0,0,0,0
132,"Profite de YouTube en illimitรฉ avec nos forfaits internet ! 40Go dโinternet pour voir tes sรฉries prรฉfรฉrรฉes !
Plus dโinformations sur :
http://ore.do/forfaits-internet
ุงุณุชูุฏ ูู ููุชููุจ ุบูุฑ ูุญุฏูุฏ ูุน ุนุฑูุถ ุงูุฅูุชุฑูุช !
40Go ุฅูุชุฑูุช ููุดุงูุฏุฉ ูุณูุณูุงุชู ุงูููุถูุฉ
ุงููุฒูุฏ ูู ุงููุนูููุงุช ุนูู : 
http://ore.do/forfaits-internet",https://www.facebook.com/OoredooDZ/posts/410442481556743?ref=embed_post,239,24,6,0,1,3,3,Ooredoo,2024-02-05,0,0,1,0,1,0,0,0,0
133,"Appelez en illimitรฉ vers tous les rรฉseaux et sans engagement avec la nouvelle Dima + 2000
Profitez de 60Go dโInternet, ANAZIK, ANAFLIX & Facebook illimitรฉ
250 SMS
Le tout valable 30 jours
Pour plus dโinformations, rendez-vous sur :
http://ore.do/dima-plus
ููุงููุงุช ุบูุฑ ูุญุฏูุฏุฉ ูุญู ูู ุงูุดุจูุงุช ูุจุฏูู ุงูุชุฒุงู ูุน ุนุฑุถ Dima + 2000 ุงูุฌุฏูุฏ
ุงุณุชููุฏูุง ูู 60Go ุฅูุชุฑูุช ูANAZIK ูANAFLIX ููุงูุณุจูู ุบูุฑ ูุญุฏูุฏ
250 ุฑุณุงูุฉ ูุตูุฑุฉ
ุงููู ุตุงูุญ ููุฏุฉ 30 ููู
ุงููุฒูุฏ ูู ุงููุนูููุงุช ุนูู :
http://ore.do/dima-plus",https://www.facebook.com/watch/?v=419883953715841&ref=sharing,264,26,5,0,0,2,1,Ooredoo,2024-02-06,0,0,1,1,0,0,0,0,0
134,"ูุจุฑูู ุนูู ุงููุงุฆุฒูู ุงูููู ูุนุจูุง ูุนูุง ู ุฑุจุญูุง 
@Yacine Aklouche
@phan.tom031
ุฃุจูุงู ูุนุงูุงุ ูู ุฃุณุจูุน ูุงูู ุณุคุงู ุฌุฏูุฏ!",https://www.facebook.com/OoredooDZ/posts/411640361436955?ref=embed_post,810,81,17,0,5,4,4,Ooredoo,2024-02-07,0,0,0,0,0,0,0,0,1
135,"ูููููุชู ูููุง ุชุญุจู ูุน ุงุดุชุฑุงูุงุช ุงูุฅูุชุฑูุช ุชุงุน Ooredoo !
ุนูุฏู ูู 50ุ 100ุ 300ุ 500ุ 1000 ุฅูู ุบุงูุฉ 1500.
ุฎููุฑ ุจูู ููุชููุจ ุบูุฑ ูุญุฏูุฏุ ูุงูุณุจูู ุบูุฑ ูุญุฏูุฏุ ุฃู ูุณููุงุช ุดุฑุงุก!
ูู ุจุฒูุงุฑุฉ ูููุนูุง ุนูู : 
http://ore.do/forfaits-internet 
#Ooredoo #OoredooDZ #Internet #Forfaits",https://www.facebook.com/OoredooDZ/posts/413514587916199?ref=embed_post,327,42,9,0,0,3,4,Ooredoo,2024-02-10,0,0,1,0,1,0,0,0,0
136,"ุชูููุฆ Ooredoo ุงูููุชุฎุจ ุงููุทูู ุงููุทุฑู ุนูู ุชุชููุฌู ุจููุจ ูุฃุณ ุขุณูุง ูููุฑุฉ ุงูุซุงููุฉ ุนูู ุงูุชูุงูู ูุชุชููู ูู ุงููุฒูุฏ ูู ุงูุชุฃูู ูุงููุฌุงุญ.
Ooredoo extends its heartiest congratulations to the Qatari team on the well-deserved and magnificent victory it brought in the AFC Asian Cup 2024 and compliments it on its outstanding performance and remarkable achievement.",https://www.facebook.com/OoredooDZ/posts/414032884531036?ref=embed_post,304,33,7,0,0,2,29,Ooredoo,2024-02-11,1,0,0,0,0,0,1,0,0
137,"ูุนSahla box ุ ูููููุชู ุฏุงุฑูุ ูุงุชูุชุน ุจุญุฌู ุฅูุชุฑูุช ุฅูู ุบุงูุฉ 150Go !
ุงููุฒูุฏ ูู ุงููุนูููุงุช ุนูู : 
http://ore.do/sahla-box
#Ooredoo #OoredooDZ #Box #Sahla_box",https://www.facebook.com/watch/?v=1572035583554362&ref=sharing,234,36,2,0,0,6,3,Ooredoo,2024-02-11,0,0,1,0,1,0,0,0,0
138,"60Go ุฅูุชุฑูุช ูููุงููุงุช ุบูุฑ ูุญุฏูุฏุฉ ูุญู Ooredoo ุจู 2000 ุฏุฌ ูู ุงูุดูุฑ!
ุดููู *500# ูุงุณุชูุงุฏ ูู ูุฒุงูุง La Gold Jdida.
ุงููุฒูุฏ ูู ุงููุนูููุงุช ุนูู: 
https://www.ooredoo.dz/fr/personal/la-gold
#Ooredoo #OoredooDZ #Internet #Free_calls",https://www.facebook.com/watch/?v=6997963953591793&ref=sharing,293,42,2,0,0,3,7,Ooredoo,2024-02-12,0,0,1,0,1,0,0,0,0
139,"En cette Journรฉe mondiale de la radio, Ooredoo rend hommage ร la radio algรฉrienne pour les efforts immenses quโelle dรฉploie ร longueur dโannรฉe afin de crรฉer des ponts entre les quatre coins de lโAlgรฉrie.
Cรฉlรฉbrons tous la diversitรฉ des voix qui rรฉsonnent ร travers les ondes !
 ุจููุงุณุจุฉ ุงูููู ุงูุนุงููู ููุฅุฐุงุนุฉุ ุชูุซูู Ooredoo ุงูุฌููุฏ ุงูุฏุคูุจุฉ ุงูุชู ุชููู ุจูุง ุงูุฅุฐุงุนุฉ ุงูุฌุฒุงุฆุฑูุฉ ุนูู ูุฑ ุงูุฒูู ูู ุฎูุงู ุฃุตูุงุช ูุฐูุนููุง ุงูุฐูู ูุฑุงูููู ุงูุฌุฒุงุฆุฑููู ูู ูุงูู ุงูุชุฑุงุจ ุงููุทูู ุนูู ูุฏุงุฑ ุงูุณุงุนุฉุ ูุชุชููู ููุง ุงููุฒูุฏ ูู ุงูุชุฃูู ูุงููุฌุงุญ.",https://www.facebook.com/OoredooDZ/posts/415231737744484?ref=embed_post,223,31,2,0,0,1,1,Ooredoo,2024-02-13,1,0,0,0,0,0,1,0,0
140,"ูุจุฑูู ุนูู ุงููุงุฆุฒูู ุงูููู ูุนุจูุง ูุนูุง ู ุฑุจุญูุง 
@Marwa Ouarti
@isra_amir12 
ุฃุจูุงู ูุนุงูุงุ ูู ุฃุณุจูุน ูุงูู ุณุคุงู ุฌุฏูุฏ!",https://www.facebook.com/OoredooDZ/posts/415849651016026?ref=embed_post,500,58,7,0,1,2,15,Ooredoo,2024-02-14,0,0,0,0,0,0,0,0,1
141,"ูุงุฒุงู ูุง ุฌุฑูุจุชุด ุญุธููุ ูุงุด ุฑุงู ุชุณุชูู !
ุญููู My Ooredooุ ุดุงุฑู ูู ูุนุจุฉ SPIN and WIN ูุงุฑุจุญ ุฅูู ุบุงูุฉ 30Go ุฅูุชุฑูุช !
ุญููู ุชุทุจููMy Ooredoo ุนูู๐
http://ore.do/y",https://www.facebook.com/watch/?v=24762088740101300&ref=sharing,279,48,7,1,1,4,2,Ooredoo,2024-02-14,0,0,1,0,0,0,0,1,0
142,"ูููุฆุง ูููุงุฆุฒูู ูุนูุง ูู Quiz MCA.
ุชุงุจุนููุง ุจุงุด ุชุฑุจุญูุง ูุชููุง ุซุงูู !
Fรฉlicitations aux gagnants du Quiz MCA.
Restez branchรฉs pour gagner vous aussi !",https://www.facebook.com/OoredooDZ/posts/417564957511162?ref=embed_post,324,38,4,0,7,3,1,Ooredoo,2024-02-17,0,0,0,0,0,0,1,1,0
143,"ุงุชูุชูุนูุง ุจุฃุฌูู ุงูุฃููุงู ุงููุฏููุฉ ูุน ุงูุนุงุฆูุฉ ูุงูุฃุญุจุงุจ ูุน ุงููุงุฆูุฉ ุงูููู ูุฌูุฏูุงูุงููู ุนูู ANAFLIX !
ุงููุฒูุฏ ูู ุงููุนูููุงุช ุนูู: 
http://ore.do/4brgi
#Ooredoo #OoredooDZ #Films #ANAFLIX",https://www.facebook.com/watch/?v=1606095046920952&ref=sharing,178,28,6,0,0,1,1,Ooredoo,2024-02-17,0,0,0,0,0,0,0,0,1
144,"Le Directeur gรฉnรฉral de Ooredoo, M. Roni Tohme a รฉtรฉ reรงu par le wali de Tlemcen, M. Youcef Bechlaoui. Durant cette rencontre, ils ont รฉchangรฉ autour de la contribution de Ooredoo pour le dรฉveloppement du secteur de la tรฉlรฉphonie mobile et des opportunitรฉs de renforcement des investissements dans la rรฉgion .
ุญุธู ุงููุฏูุฑ ุงูุนุงู ูู .Ooredooุ ุงูุณูุฏ ุฑููู ุทุนูู ุจุงุณุชูุจุงู ูู ูุจู ูุงูู ุชููุณุงูุ ุงูุณูุฏ ููุณู ุจุดูุงูู. ุชุทุฑูู ุงูุทุฑูุงูุ ุฎูุงู ูุฐุง ุงูููุงุกุ ุฅูู ูุณุงููุฉ ูุคุณุณุฉ Ooredoo ูู ุชุทููุฑ ูุทุงุน ุงููุงุชู ุงููููุงู ูููุฑุต ุชุนุฒูุฒ ุงูุงุณุชุซูุงุฑุงุช ูู ุงูููุทูุฉ.",https://www.facebook.com/OoredooDZ/posts/419363337331324?ref=embed_post,251,57,6,0,1,1,0,Ooredoo,2024-02-20,0,0,0,0,1,0,1,0,0
145,"ูุจุฑูู ุนูู ุงููุงุฆุฒูู ุงูููู ูุนุจูุง ูุนูุง ู ุฑุจุญูุง 
@แฏแปแแฏ แทแฌ 
@farahfifi8073
ุฃุจูุงู ูุนุงูุงุ ูู ุฃุณุจูุน ูุงูู ุณุคุงู ุฌุฏูุฏ!",https://www.facebook.com/OoredooDZ/posts/419782630622728?ref=embed_post,538,70,6,0,3,1,3,Ooredoo,2024-02-21,0,0,0,0,0,0,0,0,1
146,"ฺจุงุน ุนูุฏูุง ูุฌููุนุฉ ุชุงุน ุงูุฃุบุงูู ูุญุจูู ูุณูุนููุง ูู ุงูุทุฑูู!
ูุน ANAZIK ุชูุฏุฑ ุชุดููู ูุฌููุนุงุช ุฃุบุงูู ูููุง ุชุญุจู.
ุงููุฒูุฏ ูู ุงููุนูููุงุช ุนูู:
http://ore.do/vnedc
#Ooredoo #OoredooDZ #Music #ANAZIK",https://www.facebook.com/watch/?v=1397702777601975&ref=sharing,148,32,2,0,0,0,2,Ooredoo,2024-02-21,0,0,1,0,0,0,0,0,0
147,"Chaque jour, nous travaillons dur pour vous offrir le meilleur, et ce depuis 20 ans et nous continuerons ร le faire
ูู ูููุ ูุนูู ุฌุงูุฏูู ูู ุฃุฌู ุชูุฏูู ุงูุฃูุถู ููู ููุฐุง ููุฐ 20 ุณูุฉุ ูุณููุงุตู ูุณูุฑุชูุง",https://www.facebook.com/watch/?v=771638378197157&ref=sharing,203,77,5,0,2,1,1,Ooredoo,2024-02-22,1,0,0,0,0,0,1,0,0
148,"20 ุณูุฉ ุชุงุน Ooredoo ูุง ูุฌูุฒูุด ุจูุง ูุง ุชุฑุจุญูู ูุฏุงูุง !
ููู ุนูููุฉ ุชููููู ุจูุง ูู ูุถุงุกุงุชูุงุ ุฑุงูุญูู ููุฏููููู ููุตู ุชุฎููููู ุนูุฏูู ูุชูุตููู ูู ุณูุงุฑุชูู ุฃู ูุงุชูููุ ูุงูููู ูููุงูู ุนูุฏู ูุฑุจุญ ูุฏุงูุง ุฑุงุฆุนุฉ !
ุงููุฒูุฏ ูู ุงููุนูููุงุช ุนูู ๐๐ป
http://ore.do/celebration-20ans",https://www.facebook.com/watch/?v=310982838653906&ref=sharing,456,99,12,0,0,2,6,Ooredoo,2024-02-23,0,0,0,0,0,1,1,0,0
149,"Avec Dari Quiz, tu peux dรฉsormais rรฉaliser ton rรชve de gagner une belle maison ! Recharge 2000da, compose *523# et participe !
Plus d'informations sur: http://ore.do/dari-quiz
ูุน Dari Quizุ ุจุฅููุงูู ุงูุขู ุชุญููู ุญููู ูุงูููุฒ ุจุดูุฉ ุฑุงุฆุนุฉ! ูู ุจุชุนุจุฆุฉ 2000 ุฏุฌ ููุท ุุดูู ูุดุงุฑู ูู ุงููุณุงุจูุฉ! ูุง ุชูููุช ูุฐู ุงููุฑุตุฉ!
ุงููุฒูุฏ ูู ุงููุนูููุงุช ุนูู: http://ore.do/dari-quiz",https://www.facebook.com/OoredooDZ/posts/421020087165649?ref=embed_post,268,52,4,0,0,2,2,Ooredoo,2024-02-23,0,0,1,0,0,0,0,1,0
150,"ุฅุฐุง ุญุจูุชู ุชุฑุจุญูุง ูุน Ooredooุ ุณุงููุฉ! ูุง ุนูููู ุบูุฑ ุชุจุนูุง ุงูุฎุทูุงุช ุงููู ูู ุงูููุฏูู !
ุงููุฒูุฏ ูู ุงููุนูููุงุช ุนูู ๐๐ป
http://ore.do/celebration-20ans",https://www.facebook.com/watch/?v=1139112447447719&ref=sharing,271,54,6,0,0,0,1,Ooredoo,2024-02-24,1,0,0,0,0,0,0,0,0
151,"Appelez en illimitรฉ vers tous les rรฉseaux et sans engagement avec Dima+ de Ooredoo
Plus dโinformations sur : http://ore.do/dima-plus 
ุงุชุตููุง ุจุดูู ุบูุฑ ูุญุฏูุฏ ูุญู ูู ุงูุดุจูุงุช ูุจุฏูู ุงูุชุฒุงู ูุน +Dima ูู Ooredoo
ุงููุฒูุฏ ูู ุงููุนูููุงุช ุนูู  http://ore.do/dima-plus",https://www.facebook.com/OoredooDZ/posts/422129560388035?ref=embed_post,362,56,5,0,0,4,1,Ooredoo,2024-02-25,0,0,0,0,1,0,0,0,0
152,"ูุน ุชุทุจูู My Ooredooุ ุชุญููููุง ูู ุญุณุงุจูู ุจูู ุณูููุฉ!
ุงูุนุฑูุถุ ูุงูุงุดุชุฑุงูุงุชุ ูุงููุฒุงูุงุ ูุงูุฏูุน ุงูุฅููุชุฑูููุ ูููุง ูุชููุฑุฉ ูู
ุชุทุจูู ูุงุญุฏ!
ุงููุฒูุฏ ูู ุงููุนูููุงุช ุนูู:
http://ore.do/my-ooredoo
#Ooredoo #OoredooDZ #MyOoredoo #Easy",https://www.facebook.com/OoredooDZ/posts/422661677001490?ref=embed_post,231,47,3,0,0,4,1,Ooredoo,2024-02-26,0,0,1,0,1,0,0,0,0
153,"ูุงุฒุงู ุนูุฏู ุงููุฑุตุฉ ุจุงุด ุชุฑุจุญ ุฅูู ุบุงูุฉ 30Go ุฅูุชุฑูุช ูุน ูุนุจุฉ SPIN and WIN !
ุญููู ุชุทุจููMy Ooredoo ุนูู
http://ore.do/y",https://www.facebook.com/watch/?v=929175128708070&ref=sharing,277,54,8,1,0,5,1,Ooredoo,2024-02-27,0,0,0,1,0,0,0,1,0
154,"ุชูุฑูุจูุง ุฃูุซุฑ ูู ุฃุญุจุงุจูู ูุน ุงุดุชุฑุงู Smart 200 ูุงุณุชููุฏูุง ูู ุฅูุชุฑูุช ูููุงููุงุช ูุญู Ooredoo ุบูุฑ ูุญุฏูุฏูู ุจู 200 ุฏุฌ ููุท ููููู !
ุงููุฒูุฏ ูู ุงููุนูููุงุช ุนูู:
http://ore.do/forfait-appels 
#Ooredoo #OoredooDZ #Free #Smart",https://www.facebook.com/OoredooDZ/posts/423741236893534?ref=embed_post,216,35,2,0,0,7,0,Ooredoo,2024-02-28,0,0,1,0,1,0,0,0,0
155,"ููููููุง ูู ุงูุชุนูููุงุช ูุงุดูู ูู ุขุฎุฑ ุนุฑุถ ุดุฑูุชูู ูู ุนูุฏ
Ooredooุ
ุงุทููุนูุง ุนูู ุฌููุน ุนุฑูุถูุง ููุง:๐
https://www.ooredoo.dz/fr/particuliers
#Ooredoo #OoredooDZ #Offres #Services
#Apps",https://www.facebook.com/OoredooDZ/posts/424265730174418?ref=embed_post,294,37,6,0,2,4,2,Ooredoo,2024-02-29,0,0,1,0,1,0,0,0,0
156,"ููุฏูููููู ุฃูุถู FAN ููุงุฐ ุงูุฃุณุจูุน!
ุจูุถู ุซูุชููุ ูุญู ููุถู ูุญู ุงูุฃูุถูโค 
#Ooredoo #OoredooDZ #Fan #Fan_of_the_week",https://www.facebook.com/OoredooDZ/posts/pfbid032WQ6WpQickhyXX5iZ8DrNALvwF8igtoqZbugx4S2HdoUwXtvnbpUfEKMnY3Abs2Fl?rdid=KnLcPJ7QUwJ5ytAq#,385,100,15,0,0,4,7,Ooredoo,2024-03-03,0,0,0,1,0,0,1,0,0
157,"En ce mois de charitรฉ et de bienveillance, pour tout rechargement de 2000 DA ou plus, Ooredoo fait don de 20 DA au profit du Croissant-Rouge Algรฉrien
Plus d'informations sur: www.ooredoo.dz
ูู ุดูุฑ ุงูุฎูุฑ ูุงูุฑุญูุฉ ูููู ุชุนุจุฆุฉ ุจู 2000 ุฏุฌ ุฃู ุฃูุซุฑุ Ooredoo ุชุชุจุฑุน ุจู 20 ุฏุฌ ููุงุฆุฏุฉ ุงูููุงู ุงูุฃุญูุฑ ุงูุฌุฒุงุฆุฑู.
ุงููุฒูุฏ ูู ุงููุนูููุงุช ุนูู: www.ooredoo.dz",https://www.facebook.com/watch/?v=3640599802819026&ref=sharing,118,22,2,0,1,3,2,Ooredoo,2024-03-11,0,0,0,0,1,0,1,0,0
158,"ุงุจููุง ุนูู ุงุชุตุงู ุฏุงุฆู ูุดุงุฑููุง ูุฑุญุฉ ุงูุนูุฑุฉ ูุน ุญุจุงุจูู ุจูุถู ุงุดุชุฑุงูุงุช ุงูุชุฌูุงู ุงููุชููุฒุฉ ูู Ooredoo
ุงููุฒูุฏ ูู ุงููุนูููุงุช ุนูู: http://ore.do/forfaits-voyage",https://www.facebook.com/share/v/1AhXf8t1vW/,117,37,3,0,1,1,0,Ooredoo,2024-03-11,0,0,0,0,1,0,0,0,0
159,"ูุณุงุจูุฉ ุฑูููู ุฑุงูู ุนุงุฏูุช ููุงุชุ ุฌุฑุจูุง ุญุธูู ููููุฒ ุจุนูุฑุฉ ูุดุฎุตูู ููุฐุง ุจุชุญููู ุฑููุฉ ุงูุชุธุงุฑ ุฅุณูุงููุฉ ูุฌุงููุง
ุงููุฒูุฏ ูู ุงููุนูููุงุช ุนูู: http://ore.do/ranini",https://www.facebook.com/share/v/1CbQeFiJpy/,284,53,7,0,0,2,1,Ooredoo,2024-03-11,0,0,0,0,0,0,0,1,1
160,"ูุฏ ูุง ุชุชุทููุฑ ุงูุชูููููุฌูุงุ ุชุจูู ุญูุงูุฉ ุฑูุถุงู ูู ุงููููุฉ ุชุงุน ุงูุนุงุฆูุฉ ุงูููู ุชูุฑูุจูุง Ooredoo ูู ุฎูุงู ูุถุงุนูุฉ 
ุญุฌู ุงูุฅูุชุฑูุช ุนูู My Ooredoo
ุญููู ุชุทุจูู My Ooredoo ุนูู ๐๐ป
http://ore.do/y",https://www.facebook.com/share/v/17yE3dG6mz/,200,50,4,0,0,2,1,Ooredoo,2024-03-12,0,0,1,0,1,0,0,0,0
161,"ูุจุฑูู ุนูู ุงููุงุฆุฒูู ุงูููู ูุนุจูุง ูุนูุง ู ุฑุจุญูุง 
@Zine Korichi
@abdodza11",https://www.facebook.com/share/p/19S2xPBZm4/,251,28,2,0,2,16,4,Ooredoo,2024-03-12,1,0,0,0,0,0,0,0,0
162,"ูู ุดูุฑ ุงูุฎูุฑ ูุงูุฑุญูุฉ ูููู ุชุนุจุฆุฉ ุจู 2000 ุฏุฌ ุฃู ุฃูุซุฑุ Ooredoo ุชุชุจุฑุน ุจู 20 ุฏุฌ ููุงุฆุฏุฉ ุงูููุงู ุงูุฃุญูุฑ ุงูุฌุฒุงุฆุฑู.
ุงููุฒูุฏ ูู ุงููุนูููุงุช ุนูู: www.ooredoo.dz",https://www.facebook.com/share/v/154FUiPdu3/,186,42,4,0,0,2,2,Ooredoo,2024-03-13,0,0,0,1,1,0,0,0,0
163,"ุงุณุชูุชุนูุง ุจุณูุฑุงุช ุฑูุถุงู ูุน ุงูุฃุญุจุงุจ ูุงุจูุงู ูุชูุตููู ุจุงูููู ุจุนุงุฏ ุจูุถู ุญุฌู ุงูุฅูุชุฑูุช ุงููุถุงุนู ุนูู My Ooredoo
ุญููู ุชุทุจูู My Ooredoo ุนูู ๐๐ป
http://ore.do/y",https://www.facebook.com/share/v/19jtMNqzrT/,273,57,6,1,0,2,2,Ooredoo,2024-03-13,0,0,0,0,1,0,0,0,0
164,Explorez le large รฉventail de rubriques aux contenus riches de Ramadhaniyate ! Le portail SMS qui vous accompagne pendant le Ramadhan.,https://www.facebook.com/share/p/1AyKzWgLMY/,173,36,1,0,0,1,0,Ooredoo,2024-03-14,0,0,0,0,0,0,1,0,0
165,"Le jeu Slide & Win est de retour ! Suivez votre feuilleton prรฉfรฉrรฉ ce Ramadhan, trouvez le code et tentez de gagner 1000 DA de crรฉdit ! Le 20e heureux gagnant empochera un crรฉdit X2 !
Tรฉlรฉcharge My Ooredoo sur : http://ore.do/y
ูุนุจุฉ Slide & Win ุฑุงูู ุนุงูุฏุช ููุงุช! ุชุงุจุนูุง ูุณูุณููู ุงูููุถู ูุฐุง ุฑูุถุงูุ ุฃููุงู ุงูุฑูุฒ ูุฌุฑุจูุง ุญุธูู ูุฑุจุญ 1000 ุฏุฌ ุฑุตูุฏ! ุงููุงุฆุฒ ุงููุญุธูุธ ุฑูู 20 ุฑุงูุญ ูุณุชูุงุฏ ูู ุฑุตูุฏ X2!
ุญูู ุชุทุจูู My Ooredoo ุนูู:  http://ore.do/y",https://www.facebook.com/share/v/186XMkweLt/,196,38,4,0,2,3,1,Ooredoo,2024-03-14,0,0,1,0,0,0,0,1,0
166,"ูุจุฑูู ูููุงุฆุฒ ุจุงูุนูุฑุฉ ูู ูุณุงุจูุฉ ุฑูููู.
ุฌุฑุจูุง ุญุธูู ููููุฒ ุจุนูุฑุฉ ูุดุฎุตูู ููุฐุง ุจุชุญููู ุฑููุฉ ุงูุชุธุงุฑ ุฅุณูุงููุฉ ูุฌุงููุง
ุงููุฒูุฏ ูู ุงููุนูููุงุช ุนูู: http://ore.do/ranini",https://www.facebook.com/share/p/19bUwY3JW4/,451,95,9,0,1,0,1,Ooredoo,2024-03-15,0,0,0,0,0,0,1,1,0
167,"ุงูุญูุงุณ ุชุงุน ุงูุฃูุนุงุจ ูุญุฏูุ ุจุตูุญ ูููุญ ุงููุงุญุฏ ูุญุจุณ ุดููุฉ ููุณุชูุชุน ุจููุชู ูุน ุนุงููุชูุ ุฎุตูุตุง ูู ูููู ูุชุฃูุฏ ุจููู ุงูุฅูุชุฑูุช ุชุงุนู ูุถุงุนู ุนูู My Ooredoo
ุญูู ุชุทุจูู My Ooredoo ุนูู:  http://ore.do/y",https://www.facebook.com/share/v/15RTwxxkg9/,180,39,0,0,0,2,0,Ooredoo,2024-03-15,0,0,1,0,1,0,0,0,0
168,"Ooredoo a accompagnรฉ lโOrganisation Nationale des Aveugles Algรฉriens (ONAA), ร lโoccasion de la Journรฉe nationale des personnes handicapรฉes cรฉlรฉbrรฉe le 14 mars de chaque annรฉe.
ุฑุงููุช Ooredoo ุงูููุธูุฉ ุงููุทููุฉ ููููููููู ุงูุฌุฒุงุฆุฑูููุ ุจููุงุณุจุฉ ุงุญูุงุก ุงูููู ุงููุทูู ููุฃุดุฎุงุต ุฐูู ุงูุฅุนุงูุฉ ุงูุฐู ูุตุงุฏู ุงูู 14 ูุงุฑุณ ูู ูู ุณูุฉ.",https://www.facebook.com/share/p/15Np25n6NT/,194,35,3,0,2,0,0,Ooredoo,2024-03-16,1,0,0,0,0,0,1,0,0
169,"ุงููููุฉ ุชุงุน ุฑูุถุงู ุชุญูู ูู ูุดุงุฑูููุง ุจูุถู ุญุฌู ุงูุฅูุชุฑูุช ุงููุถุงุนู ุนูู My Ooredoo
ุญูู ุชุทุจูู My Ooredoo ุนูู๐๐ป
 http://ore.do/y",https://www.facebook.com/share/p/17xhRx5zVd/,252,51,5,0,0,0,0,Ooredoo,2024-03-16,0,0,0,0,1,0,0,0,0
170,"ูุจุฑูู ุนูู ุงููุงุฆุฒูู!
ุงูุนุจูุง ูุนูุง ูู ููู ุฎููุณ ูุฌุฑุจูุง ุญุธูู ุจุงุด
ุชุฑุจุญูุง ูุชููุง ุชุงูู
ุงุจููุง ูุชุตููู ุจุงูุตูุญุฉ !",https://www.facebook.com/share/p/1EzKDmyjjY/,499,63,6,0,2,2,4,Ooredoo,2024-03-17,0,0,0,0,0,0,0,0,1
171,"ุงุณุชููุฏูุง ูู ูุญุชููุงุช ูุชููุนุฉ ููู ุฃูุฑุงุฏ ุงูุนุงุฆูุฉ ูุน ุจูุงุจุฉ ุงูุฑุณุงุฆู ุงููุตูุฑุฉ ""ุฑูุถุงููุงุช""ุ ุฑูุงุถุฉ ูุจููุงูุงุช ููุตุงุฆุญ ูุทุจุฎูุฉ ูุบูุฑูุง ูู ุงูุฃุฑูุงู ูู ุงูุชุธุงุฑูู!",https://www.facebook.com/share/p/18EeC6TCKf/,162,33,1,0,0,4,0,Ooredoo,2024-03-18,0,0,0,0,0,0,1,0,1
172,"๐คฉ 
ุญุฌู ุฅูุชุฑูุช ูุถุงุนู ุนูู My Ooredoo !
ุงุณุชูุชุนูุง ูุฐุง ุฑูุถุงู ูุน ุตุญุงุจูู ุจูุถุงุนูุฉ ุงูุงูุชุฑูุช 
ูุง ุนูููู ุบูุฑ ุชุญูููุง ุงูุชุทุจูู ุนูู๐๐ป
 http://ore.do/y",https://www.facebook.com/share/p/15R6SfcJHy/,247,43,3,0,0,5,1,Ooredoo,2024-03-19,0,0,0,0,1,0,1,0,0
173,"ูุจุฑูู ุนูู ุงููุงุฆุฒูู ุงูููู ูุนุจูุง ูุนูุง ู ุฑุจุญูุง
@ Sam Sam
@sa_l_ma__2
ุฅุจูุงู ูุชุตููู ุจุงูุตูุญุฉ ุจุงุด ููุญููู ุงูุฌุฏูุฏ ููุงูู les quiz",https://www.facebook.com/share/p/1C6NHZqagp/,642,88,4,0,5,2,3,Ooredoo,2024-03-19,0,0,0,0,0,0,0,0,1
174,"ูุน ุดุงูุฏ ูOoredooุ ุงุณุชูุชุนูุง ุจุฃุฌูู ูุง ุฃูุชุฌุช ุงูุณูููุง ุงูุนุฑุจูุฉ !
 ุดููููุง *151# ูุดุฑุงุก ุงุดุชุฑุงููู!
ุงููุฒูุฏ ูู ุงููุนูููุงุช ุนูู http://ore.do/shahid-dz :",https://www.facebook.com/share/v/15LEGGaUd2/,201,44,2,0,0,1,0,Ooredoo,2024-03-20,0,0,1,1,0,0,0,0,0
175,"Ooredoo en collaboration avec la Fondation ""Ness El Khir"", organisent pendant tout le mois de Ramadhan,  une opรฉration de distribution de repas chauds ร emporter, en faveur des jeรปneurs et des dรฉmunis.
ุชูุธู Ooredoo ุจุงูุดุฑุงูุฉ ูุน ูุคุณุณุฉ ""ูุงุณ ุงูุฎูุฑ""ุ ุทููุฉ ุดูุฑ ุฑูุถุงู ุงููุจุงุฑูุ ุนูููุฉ ุชูุฒูุน ูุฌุจุงุช ุฅูุทุงุฑ ุณุงุฎูุฉ ููุงุฆุฏุฉ ุงูุตุงุฆููู ูุงููุนูุฒูู.",https://www.facebook.com/share/p/19QBk7aXrd/,264,67,5,0,0,1,0,Ooredoo,2024-03-21,0,0,0,0,1,0,1,0,0
176,"ุฃุฌูุงุก ุฑูุถุงู ูุนูุดููุง ุฎูุฑ ูู ูุชูุงุณูููุง ูุน ุงูุนุงุฆูุฉ ูุงูุฃุญุจุงุจ !
ูุนูู ูุฐุงุ ุฑุงูุญูู ูุณุชููุงููู ูู ุงูุฅูุทุงุฑ MEGA FTOUR ุงูููู ุชูุธููุง Ooredoo ูู 22 ูุงุฑุณ ุจุงูุจุฑูุฏ ุงููุฑูุฒู ุจุงูุฌุฒุงุฆุฑ.
ุฃุฑูุงุญูุง ุชุดุงุฑูููุง ูุฑุญุฉ ุงููููุฉ !",https://www.facebook.com/share/p/1DfZaXW3TB/,201,53,5,0,0,1,0,Ooredoo,2024-03-21,0,0,0,0,1,0,1,0,0
177,"Ooredoo et lโAssociation Nationale du Volontariat, ont lancรฉ, ce Mercredi 20 mars 2024, une opรฉration de solidaritรฉ pour la distribution de couffins en faveur des familles nรฉcessiteuses ร travers plusieurs wilayas.
 ุฃุทููุช Ooredoo ู ุงูุฌูุนูุฉ ุงููุทููุฉ ููุนูู ุงูุชุทูุนูุ ูุฐุง ุงูุฃุฑุจุนุงุก 20 ูุงุฑุณ 2024ุ ุนูููุฉ ุชุถุงูููุฉ ูุชูุฒูุน ููู ุฑูุถุงู ููุงุฆุฏุฉ ุงูุนุงุฆูุงุช ุงููุญุชุงุฌุฉ ุนุจุฑ ุนุฏุฉ ููุงูุงุช.",https://www.facebook.com/share/p/1AhPvxgeWP/,194,41,6,0,0,3,0,Ooredoo,2024-03-23,0,0,0,0,1,0,1,0,0
178,"Retour en vidรฉo sur lโopรฉration de distribution de repas chauds  en faveur des jeรปneurs et des dรฉmunis, initiรฉe par Ooredoo et la fondation ยซ Ness El Khir ยป pendant tout le mois de Ramadhan.",https://www.facebook.com/share/v/15QSW9iciL/,177,55,5,0,0,3,0,Ooredoo,2024-03-24,0,0,0,0,1,0,1,0,0
179,"ุฅุซุงุฑุฉ ุงูุฃูุนุงุจ ุชุชุนุงุด ูุน ุงูุฃุญุจุงุจุ ุฎุงุตุฉ ูู Ooredoo ุชุถุงุนู ุงูุฅูุชุฑูุช ุนูู My Ooredoo! 
ูุง ุนูููู ุบูุฑ ุชุญูููุง ุงูุชุทุจูู ุนูู  http://ore.do/y",https://www.facebook.com/share/p/1KGHZQuXex/,208,46,6,0,0,0,1,Ooredoo,2024-03-26,0,0,0,0,1,0,1,0,0
180,"ูุน Ooredoo ุฏููุง ุฑุงุจุญูู !
ูุฌูุฏูุง ููู ุญุงุฌุฉ ุฌุฏูุฏุฉ ุจุงุด ุชุฑุจุญูุงุ ุฃุณุชูุงููุง !",https://www.facebook.com/share/v/1Bc7FtdDPx/,625,125,14,0,1,1,1,Ooredoo,2024-03-27,0,0,0,1,0,0,1,0,0
181,"ุนุดูุง ูุน ุจุนุถ ุฃุฌูุงุก ุฑูุถุงููุฉ ุฑุงุฆุนุฉ ูู ุฎูุงู ุงูุฅูุทุงุฑ MEGA FTOUR ุงูููู ุฏุงุฑุชู Ooredoo ููู 22 ูุงุฑุณ.
ูุจุงุฑ ูุตุบุงุฑุ ุฌุงู ุจุงุด ูุชุดุงุฑููุง ุงููุทูุฑ ููุฑุญุฉ ุงููููุฉ ูุน ุนุงุฆูุงุช ุฃุฎุฑู.
ุงูุชููุง ุซุงููุ ุฅุฐุง ุญุจููุชูุง ุชุนูุดูุง ูุนุงูุง ูุงุฐ ุงูุชุฌุฑุจุฉ ุงูุฑุงุฆุนุฉุ ุงูุถูููุง ุฅูููุง ููู 29 ูุงุฑุณ ูู ุงูุจุฑูุฏ ุงููุฑูุฒู !",https://www.facebook.com/reel/954679512980806,280,40,7,1,1,0,0,Ooredoo,2024-03-28,0,0,0,0,1,0,1,0,0
182,"ุถุงุนููุง ุงุดุชุฑุงู ุงูุฅูุชุฑูุช ุงูุฎุงุต ุจูู ุฎูุงู ุดูุฑ ุฑูุถุงู ุนูู ! My Ooredoo
ุญููููุง ุชุทุจูู My Ooredoo ุนูู ๐๐ป
http://ore.do/y",https://www.facebook.com/watch/?v=1932451860505702&ref=sharing,148,35,3,0,0,2,0,Ooredoo,2024-03-28,0,0,0,0,1,0,0,0,0
183,"ุฃูุชู ูู ุนุดุงู ุงูุณูููุง ุงูุนุฑุจูุฉุ ุญููููุง ุงูุชุทุจูู ุดุงูุฏ ูุงุณุชูุชุนูุง ุจุฃูุถู ุงูุฃููุงู ูุงููุณูุณูุงุช!
ุดููููุง *151# ูุดุฑุงุก ุงุดุชุฑุงููู!
ุงููุฒูุฏ ูู ุงููุนูููุงุช ุนูู http://ore.do/shahid-dz",https://www.facebook.com/OoredooDZ/posts/441399288461062?ref=embed_post,215,46,5,0,0,1,0,Ooredoo,2024-03-30,0,0,1,0,0,0,1,0,0
